id,age,income,city,signup_date,notes,churned
1,62,43910.75,Pune,2022-01-01,customer feedback text goes here number 0 with several words,0
2,65,163424.81,Pune,2022-01-02,customer feedback text goes here number 1 with several words,0
3,71,17275.98,Mumbai,2022-01-03,customer feedback text goes here number 2 with several words,0
4,18,13776.4,Delhi,2022-01-04,customer feedback text goes here number 3 with several words,0
5,21,5284.36,Delhi,2022-01-05,customer feedback text goes here number 4 with several words,1
6,77,828.3,Delhi,2022-01-06,customer feedback text goes here number 5 with several words,0
7,21,132627.92,Pune,2022-01-07,customer feedback text goes here number 6 with several words,1
8,57,55420.49,Bangalore,2022-01-08,customer feedback text goes here number 7 with several words,0
9,27,76891.44,Bangalore,2022-01-09,customer feedback text goes here number 8 with several words,0
10,37,16545.49,Pune,2022-01-10,customer feedback text goes here number 9 with several words,1
11,39,44144.03,Bangalore,2022-01-11,customer feedback text goes here number 10 with several words,0
12,68,3304.6,Mumbai,2022-01-12,customer feedback text goes here number 11 with several words,1
13,54,33240.39,Bangalore,2022-01-13,customer feedback text goes here number 12 with several words,1
14,41,189701.2,Pune,2022-01-14,customer feedback text goes here number 13 with several words,0
15,24,104577.83,Bangalore,2022-01-15,customer feedback text goes here number 14 with several words,0
16,42,20636.49,Mumbai,2022-01-16,customer feedback text goes here number 15 with several words,1
17,42,162946.04,Bangalore,2022-01-17,customer feedback text goes here number 16 with several words,1
18,30,13178.86,Bangalore,2022-01-18,customer feedback text goes here number 17 with several words,1
19,76,149110.03,Mumbai,2022-01-19,customer feedback text goes here number 18 with several words,0
20,19,141832.01,Delhi,2022-01-20,customer feedback text goes here number 19 with several words,0
21,56,80272.94,Mumbai,2022-01-21,customer feedback text goes here number 20 with several words,0
22,57,49773.18,Bangalore,2022-01-22,customer feedback text goes here number 21 with several words,1
23,41,103688.07,Delhi,2022-01-23,customer feedback text goes here number 22 with several words,0
24,64,17337.67,Delhi,2022-01-24,customer feedback text goes here number 23 with several words,1
25,42,94505.09,Pune,2022-01-25,customer feedback text goes here number 24 with several words,1
26,35,48100.6,Pune,2022-01-26,customer feedback text goes here number 25 with several words,1
27,55,666.26,Mumbai,2022-01-27,customer feedback text goes here number 26 with several words,1
28,43,21326.79,Mumbai,2022-01-28,customer feedback text goes here number 27 with several words,1
29,31,8016.7,Mumbai,2022-01-29,customer feedback text goes here number 28 with several words,1
30,26,200397.49,Bangalore,2022-01-30,customer feedback text goes here number 29 with several words,0
31,27,32539.87,Mumbai,2022-01-31,customer feedback text goes here number 30 with several words,0
32,38,,Pune,2022-02-01,customer feedback text goes here number 31 with several words,1
33,69,51009.35,Mumbai,2022-02-02,customer feedback text goes here number 32 with several words,0
34,34,22989.57,Delhi,2022-02-03,customer feedback text goes here number 33 with several words,0
35,69,7361.25,Pune,2022-02-04,customer feedback text goes here number 34 with several words,0
36,23,86331.67,Delhi,2022-02-05,customer feedback text goes here number 35 with several words,1
37,33,10526.66,Bangalore,2022-02-06,customer feedback text goes here number 36 with several words,1
38,65,35802.27,Mumbai,2022-02-07,customer feedback text goes here number 37 with several words,0
39,18,12700.57,Pune,2022-02-08,customer feedback text goes here number 38 with several words,1
40,36,5148.42,Delhi,2022-02-09,customer feedback text goes here number 39 with several words,1
41,53,99094.52,Pune,2022-02-10,customer feedback text goes here number 40 with several words,1
42,42,180447.05,Delhi,2022-02-11,customer feedback text goes here number 41 with several words,0
43,67,161998.15,Pune,2022-02-12,customer feedback text goes here number 42 with several words,0
44,69,118519.38,Delhi,2022-02-13,customer feedback text goes here number 43 with several words,1
45,47,74371.49,Bangalore,2022-02-14,customer feedback text goes here number 44 with several words,1
46,37,20259.14,Delhi,2022-02-15,customer feedback text goes here number 45 with several words,1
47,37,4228.97,Delhi,2022-02-16,customer feedback text goes here number 46 with several words,1
48,32,,Pune,2022-02-17,customer feedback text goes here number 47 with several words,1
49,57,13213.52,Delhi,2022-02-18,customer feedback text goes here number 48 with several words,1
50,50,7106.28,Delhi,2022-02-19,customer feedback text goes here number 49 with several words,1
51,19,2745.37,Mumbai,2022-02-20,customer feedback text goes here number 50 with several words,0
52,27,64657.39,Delhi,2022-02-21,customer feedback text goes here number 51 with several words,0
53,75,574.66,Mumbai,2022-02-22,customer feedback text goes here number 52 with several words,1
54,50,73610.21,Pune,2022-02-23,customer feedback text goes here number 53 with several words,0
55,49,7946.66,Delhi,2022-02-24,customer feedback text goes here number 54 with several words,0
56,28,4143.11,Bangalore,2022-02-25,customer feedback text goes here number 55 with several words,1
57,70,4693.73,Pune,2022-02-26,customer feedback text goes here number 56 with several words,0
58,41,55744.37,Bangalore,2022-02-27,customer feedback text goes here number 57 with several words,0
59,53,14076.2,Mumbai,2022-02-28,customer feedback text goes here number 58 with several words,0
60,29,27282.89,Mumbai,2022-03-01,customer feedback text goes here number 59 with several words,1
61,68,40750.92,Bangalore,2022-03-02,customer feedback text goes here number 60 with several words,1
62,73,98502.88,Bangalore,2022-03-03,customer feedback text goes here number 61 with several words,0
63,46,64922.28,Bangalore,2022-03-04,customer feedback text goes here number 62 with several words,1
64,52,15758.0,Pune,2022-03-05,customer feedback text goes here number 63 with several words,1
65,18,7048.39,Bangalore,2022-03-06,customer feedback text goes here number 64 with several words,1
66,18,2848.33,Delhi,2022-03-07,customer feedback text goes here number 65 with several words,1
67,54,,Pune,2022-03-08,customer feedback text goes here number 66 with several words,1
68,71,,Mumbai,2022-03-09,customer feedback text goes here number 67 with several words,1
69,23,30453.22,Bangalore,2022-03-10,customer feedback text goes here number 68 with several words,1
70,56,57487.07,Mumbai,2022-03-11,customer feedback text goes here number 69 with several words,0
71,58,59474.81,Delhi,2022-03-12,customer feedback text goes here number 70 with several words,0
72,70,16670.17,Bangalore,2022-03-13,customer feedback text goes here number 71 with several words,1
73,35,23895.9,Mumbai,2022-03-14,customer feedback text goes here number 72 with several words,0
74,33,9992.78,Delhi,2022-03-15,customer feedback text goes here number 73 with several words,1
75,22,77687.27,Bangalore,2022-03-16,customer feedback text goes here number 74 with several words,0
76,59,2926.4,Delhi,2022-03-17,customer feedback text goes here number 75 with several words,1
77,60,59700.67,Bangalore,2022-03-18,customer feedback text goes here number 76 with several words,0
78,76,75410.76,Delhi,2022-03-19,customer feedback text goes here number 77 with several words,0
79,49,75120.64,Mumbai,2022-03-20,customer feedback text goes here number 78 with several words,0
80,74,15016.25,Pune,2022-03-21,customer feedback text goes here number 79 with several words,0
81,19,23405.32,Bangalore,2022-03-22,customer feedback text goes here number 80 with several words,0
82,19,44288.03,Bangalore,2022-03-23,customer feedback text goes here number 81 with several words,1
83,57,15929.19,Pune,2022-03-24,customer feedback text goes here number 82 with several words,1
84,59,23169.5,Mumbai,2022-03-25,customer feedback text goes here number 83 with several words,0
85,75,10973.41,Bangalore,2022-03-26,customer feedback text goes here number 84 with several words,0
86,53,30795.96,Pune,2022-03-27,customer feedback text goes here number 85 with several words,1
87,56,2281.9,Pune,2022-03-28,customer feedback text goes here number 86 with several words,1
88,73,80420.89,Mumbai,2022-03-29,customer feedback text goes here number 87 with several words,0
89,29,4003.94,Pune,2022-03-30,customer feedback text goes here number 88 with several words,1
90,64,36577.27,Bangalore,2022-03-31,customer feedback text goes here number 89 with several words,0
91,36,,Mumbai,2022-04-01,customer feedback text goes here number 90 with several words,1
92,45,43083.37,Delhi,2022-04-02,customer feedback text goes here number 91 with several words,1
93,18,160240.44,Delhi,2022-04-03,customer feedback text goes here number 92 with several words,0
94,32,51862.26,Bangalore,2022-04-04,customer feedback text goes here number 93 with several words,0
95,53,1800.14,Pune,2022-04-05,customer feedback text goes here number 94 with several words,0
96,71,28141.26,Mumbai,2022-04-06,customer feedback text goes here number 95 with several words,0
97,30,35669.21,Delhi,2022-04-07,customer feedback text goes here number 96 with several words,1
98,75,38412.67,Mumbai,2022-04-08,customer feedback text goes here number 97 with several words,0
99,60,57189.77,Bangalore,2022-04-09,customer feedback text goes here number 98 with several words,0
100,38,16258.54,Bangalore,2022-04-10,customer feedback text goes here number 99 with several words,1
101,29,6897.66,Mumbai,2022-04-11,customer feedback text goes here number 100 with several words,1
102,22,24934.62,Mumbai,2022-04-12,customer feedback text goes here number 101 with several words,0
103,24,156641.47,Bangalore,2022-04-13,customer feedback text goes here number 102 with several words,0
104,22,10359.26,Bangalore,2022-04-14,customer feedback text goes here number 103 with several words,1
105,65,117162.0,Pune,2022-04-15,customer feedback text goes here number 104 with several words,0
106,70,39241.85,Delhi,2022-04-16,customer feedback text goes here number 105 with several words,1
107,21,30524.14,Pune,2022-04-17,customer feedback text goes here number 106 with several words,0
108,30,106871.08,Mumbai,2022-04-18,customer feedback text goes here number 107 with several words,0
109,54,30680.21,Delhi,2022-04-19,customer feedback text goes here number 108 with several words,0
110,70,64398.1,Pune,2022-04-20,customer feedback text goes here number 109 with several words,0
111,58,25460.12,Delhi,2022-04-21,customer feedback text goes here number 110 with several words,0
112,32,117193.48,Pune,2022-04-22,customer feedback text goes here number 111 with several words,0
113,33,58563.18,Mumbai,2022-04-23,customer feedback text goes here number 112 with several words,1
114,38,60135.69,Bangalore,2022-04-24,customer feedback text goes here number 113 with several words,0
115,53,19854.05,Delhi,2022-04-25,customer feedback text goes here number 114 with several words,1
116,76,70689.17,Mumbai,2022-04-26,customer feedback text goes here number 115 with several words,0
117,41,50538.46,Mumbai,2022-04-27,customer feedback text goes here number 116 with several words,1
118,33,13723.18,Bangalore,2022-04-28,customer feedback text goes here number 117 with several words,1
119,31,8749.75,Bangalore,2022-04-29,customer feedback text goes here number 118 with several words,1
120,71,,Bangalore,2022-04-30,customer feedback text goes here number 119 with several words,0
121,39,159912.75,Delhi,2022-05-01,customer feedback text goes here number 120 with several words,1
122,66,30637.27,Bangalore,2022-05-02,customer feedback text goes here number 121 with several words,0
123,67,44700.07,Delhi,2022-05-03,customer feedback text goes here number 122 with several words,0
124,23,97498.85,Bangalore,2022-05-04,customer feedback text goes here number 123 with several words,1
125,59,30552.88,Pune,2022-05-05,customer feedback text goes here number 124 with several words,0
126,53,151697.13,Pune,2022-05-06,customer feedback text goes here number 125 with several words,0
127,18,42871.76,Mumbai,2022-05-07,customer feedback text goes here number 126 with several words,0
128,49,85953.47,Pune,2022-05-08,customer feedback text goes here number 127 with several words,0
129,23,119758.99,Bangalore,2022-05-09,customer feedback text goes here number 128 with several words,0
130,48,84511.75,Delhi,2022-05-10,customer feedback text goes here number 129 with several words,0
131,18,8682.83,Delhi,2022-05-11,customer feedback text goes here number 130 with several words,1
132,67,49563.98,Bangalore,2022-05-12,customer feedback text goes here number 131 with several words,0
133,68,25410.97,Delhi,2022-05-13,customer feedback text goes here number 132 with several words,0
134,54,3238.28,Mumbai,2022-05-14,customer feedback text goes here number 133 with several words,0
135,52,27585.18,Pune,2022-05-15,customer feedback text goes here number 134 with several words,1
136,66,14966.42,Bangalore,2022-05-16,customer feedback text goes here number 135 with several words,1
137,47,94536.46,Pune,2022-05-17,customer feedback text goes here number 136 with several words,0
138,21,1693.59,Pune,2022-05-18,customer feedback text goes here number 137 with several words,1
139,52,159688.09,Bangalore,2022-05-19,customer feedback text goes here number 138 with several words,0
140,60,21953.85,Bangalore,2022-05-20,customer feedback text goes here number 139 with several words,0
141,31,22057.74,Pune,2022-05-21,customer feedback text goes here number 140 with several words,1
142,66,823.16,Bangalore,2022-05-22,customer feedback text goes here number 141 with several words,1
143,57,,Pune,2022-05-23,customer feedback text goes here number 142 with several words,0
144,39,25646.35,Pune,2022-05-24,customer feedback text goes here number 143 with several words,1
145,27,132459.42,Pune,2022-05-25,customer feedback text goes here number 144 with several words,0
146,18,5246.64,Bangalore,2022-05-26,customer feedback text goes here number 145 with several words,1
147,28,,Bangalore,2022-05-27,customer feedback text goes here number 146 with several words,0
148,68,101814.71,Mumbai,2022-05-28,customer feedback text goes here number 147 with several words,0
149,61,30271.69,Pune,2022-05-29,customer feedback text goes here number 148 with several words,1
150,76,19778.28,Pune,2022-05-30,customer feedback text goes here number 149 with several words,0
151,41,13246.75,Pune,2022-05-31,customer feedback text goes here number 150 with several words,1
152,77,47656.13,Mumbai,2022-06-01,customer feedback text goes here number 151 with several words,0
153,20,1681.7,Pune,2022-06-02,customer feedback text goes here number 152 with several words,1
154,75,786.46,Mumbai,2022-06-03,customer feedback text goes here number 153 with several words,0
155,52,28000.42,Mumbai,2022-06-04,customer feedback text goes here number 154 with several words,0
156,53,3525.1,Bangalore,2022-06-05,customer feedback text goes here number 155 with several words,1
157,48,14513.67,Mumbai,2022-06-06,customer feedback text goes here number 156 with several words,1
158,77,12497.54,Bangalore,2022-06-07,customer feedback text goes here number 157 with several words,0
159,21,14597.3,Delhi,2022-06-08,customer feedback text goes here number 158 with several words,0
160,36,7023.79,Pune,2022-06-09,customer feedback text goes here number 159 with several words,0
161,64,605.46,Delhi,2022-06-10,customer feedback text goes here number 160 with several words,0
162,53,6135.75,Pune,2022-06-11,customer feedback text goes here number 161 with several words,1
163,38,48179.63,Mumbai,2022-06-12,customer feedback text goes here number 162 with several words,0
164,35,182978.1,Bangalore,2022-06-13,customer feedback text goes here number 163 with several words,0
165,68,232013.98,Mumbai,2022-06-14,customer feedback text goes here number 164 with several words,0
166,45,26301.54,Pune,2022-06-15,customer feedback text goes here number 165 with several words,1
167,32,8893.84,Pune,2022-06-16,customer feedback text goes here number 166 with several words,1
168,59,50910.88,Mumbai,2022-06-17,customer feedback text goes here number 167 with several words,0
169,76,,Pune,2022-06-18,customer feedback text goes here number 168 with several words,1
170,19,227391.2,Pune,2022-06-19,customer feedback text goes here number 169 with several words,0
171,54,3376.71,Delhi,2022-06-20,customer feedback text goes here number 170 with several words,1
172,28,76446.94,Mumbai,2022-06-21,customer feedback text goes here number 171 with several words,0
173,40,17011.86,Delhi,2022-06-22,customer feedback text goes here number 172 with several words,1
174,61,13815.26,Mumbai,2022-06-23,customer feedback text goes here number 173 with several words,0
175,58,54310.17,Delhi,2022-06-24,customer feedback text goes here number 174 with several words,1
176,29,14122.34,Bangalore,2022-06-25,customer feedback text goes here number 175 with several words,1
177,20,54809.63,Pune,2022-06-26,customer feedback text goes here number 176 with several words,1
178,69,36418.88,Pune,2022-06-27,customer feedback text goes here number 177 with several words,1
179,34,27590.11,Mumbai,2022-06-28,customer feedback text goes here number 178 with several words,0
180,50,40448.98,Mumbai,2022-06-29,customer feedback text goes here number 179 with several words,1
181,72,16917.31,Mumbai,2022-06-30,customer feedback text goes here number 180 with several words,0
182,18,61306.61,Delhi,2022-07-01,customer feedback text goes here number 181 with several words,0
183,56,26794.94,Mumbai,2022-07-02,customer feedback text goes here number 182 with several words,0
184,37,22357.0,Pune,2022-07-03,customer feedback text goes here number 183 with several words,0
185,64,88204.37,Mumbai,2022-07-04,customer feedback text goes here number 184 with several words,0
186,60,129491.3,Pune,2022-07-05,customer feedback text goes here number 185 with several words,0
187,69,2354.96,Delhi,2022-07-06,customer feedback text goes here number 186 with several words,1
188,74,13239.11,Pune,2022-07-07,customer feedback text goes here number 187 with several words,1
189,78,21425.38,Bangalore,2022-07-08,customer feedback text goes here number 188 with several words,0
190,58,,Pune,2022-07-09,customer feedback text goes here number 189 with several words,1
191,31,211650.78,Bangalore,2022-07-10,customer feedback text goes here number 190 with several words,0
192,48,173642.79,Delhi,2022-07-11,customer feedback text goes here number 191 with several words,0
193,42,117666.74,Pune,2022-07-12,customer feedback text goes here number 192 with several words,1
194,79,17588.37,Delhi,2022-07-13,customer feedback text goes here number 193 with several words,0
195,20,241486.01,Delhi,2022-07-14,customer feedback text goes here number 194 with several words,0
196,21,14345.45,Bangalore,2022-07-15,customer feedback text goes here number 195 with several words,1
197,48,5597.23,Delhi,2022-07-16,customer feedback text goes here number 196 with several words,1
198,52,150748.42,Pune,2022-07-17,customer feedback text goes here number 197 with several words,0
199,61,13290.83,Bangalore,2022-07-18,customer feedback text goes here number 198 with several words,1
200,31,58521.79,Delhi,2022-07-19,customer feedback text goes here number 199 with several words,1
201,66,3006.42,Mumbai,2022-07-20,customer feedback text goes here number 200 with several words,0
202,58,65598.15,Bangalore,2022-07-21,customer feedback text goes here number 201 with several words,0
203,26,106735.12,Pune,2022-07-22,customer feedback text goes here number 202 with several words,0
204,37,15902.73,Pune,2022-07-23,customer feedback text goes here number 203 with several words,1
205,49,23825.79,Mumbai,2022-07-24,customer feedback text goes here number 204 with several words,0
206,26,23443.91,Bangalore,2022-07-25,customer feedback text goes here number 205 with several words,0
207,44,69072.96,Mumbai,2022-07-26,customer feedback text goes here number 206 with several words,0
208,20,13577.79,Bangalore,2022-07-27,customer feedback text goes here number 207 with several words,1
209,74,9428.24,Bangalore,2022-07-28,customer feedback text goes here number 208 with several words,0
210,70,29827.5,Mumbai,2022-07-29,customer feedback text goes here number 209 with several words,0
211,21,18153.94,Mumbai,2022-07-30,customer feedback text goes here number 210 with several words,0
212,62,91376.31,Bangalore,2022-07-31,customer feedback text goes here number 211 with several words,1
213,79,13573.5,Delhi,2022-08-01,customer feedback text goes here number 212 with several words,0
214,32,34896.88,Bangalore,2022-08-02,customer feedback text goes here number 213 with several words,1
215,50,142871.26,Pune,2022-08-03,customer feedback text goes here number 214 with several words,0
216,22,50255.78,Pune,2022-08-04,customer feedback text goes here number 215 with several words,0
217,21,100979.23,Mumbai,2022-08-05,customer feedback text goes here number 216 with several words,1
218,63,140845.58,Bangalore,2022-08-06,customer feedback text goes here number 217 with several words,0
219,29,69467.92,Delhi,2022-08-07,customer feedback text goes here number 218 with several words,0
220,78,60127.87,Delhi,2022-08-08,customer feedback text goes here number 219 with several words,0
221,40,172047.2,Mumbai,2022-08-09,customer feedback text goes here number 220 with several words,0
222,31,259256.48,Mumbai,2022-08-10,customer feedback text goes here number 221 with several words,0
223,75,30057.73,Mumbai,2022-08-11,customer feedback text goes here number 222 with several words,0
224,63,3675.32,Mumbai,2022-08-12,customer feedback text goes here number 223 with several words,1
225,29,17321.67,Delhi,2022-08-13,customer feedback text goes here number 224 with several words,1
226,74,8264.65,Pune,2022-08-14,customer feedback text goes here number 225 with several words,1
227,34,27020.14,Delhi,2022-08-15,customer feedback text goes here number 226 with several words,1
228,42,7037.26,Pune,2022-08-16,customer feedback text goes here number 227 with several words,1
229,47,46331.93,Pune,2022-08-17,customer feedback text goes here number 228 with several words,1
230,39,24128.76,Pune,2022-08-18,customer feedback text goes here number 229 with several words,0
231,64,112873.84,Delhi,2022-08-19,customer feedback text goes here number 230 with several words,0
232,43,171781.17,Bangalore,2022-08-20,customer feedback text goes here number 231 with several words,0
233,34,39580.46,Mumbai,2022-08-21,customer feedback text goes here number 232 with several words,1
234,78,16067.02,Mumbai,2022-08-22,customer feedback text goes here number 233 with several words,1
235,75,44852.65,Bangalore,2022-08-23,customer feedback text goes here number 234 with several words,1
236,72,113535.51,Delhi,2022-08-24,customer feedback text goes here number 235 with several words,0
237,71,26105.57,Delhi,2022-08-25,customer feedback text goes here number 236 with several words,1
238,79,40156.84,Bangalore,2022-08-26,customer feedback text goes here number 237 with several words,0
239,37,15848.87,Pune,2022-08-27,customer feedback text goes here number 238 with several words,0
240,51,30389.24,Delhi,2022-08-28,customer feedback text goes here number 239 with several words,1
241,58,25684.28,Pune,2022-08-29,customer feedback text goes here number 240 with several words,0
242,50,14278.45,Delhi,2022-08-30,customer feedback text goes here number 241 with several words,0
243,54,35247.47,Bangalore,2022-08-31,customer feedback text goes here number 242 with several words,1
244,77,18580.79,Mumbai,2022-09-01,customer feedback text goes here number 243 with several words,1
245,77,23343.22,Mumbai,2022-09-02,customer feedback text goes here number 244 with several words,1
246,75,37218.91,Mumbai,2022-09-03,customer feedback text goes here number 245 with several words,1
247,24,69433.86,Delhi,2022-09-04,customer feedback text goes here number 246 with several words,0
248,39,20286.32,Bangalore,2022-09-05,customer feedback text goes here number 247 with several words,1
249,49,128955.66,Pune,2022-09-06,customer feedback text goes here number 248 with several words,0
250,31,,Mumbai,2022-09-07,customer feedback text goes here number 249 with several words,1
251,25,2495.78,Pune,2022-09-08,customer feedback text goes here number 250 with several words,1
252,74,14627.53,Mumbai,2022-09-09,customer feedback text goes here number 251 with several words,1
253,42,29541.76,Pune,2022-09-10,customer feedback text goes here number 252 with several words,1
254,33,5525.79,Delhi,2022-09-11,customer feedback text goes here number 253 with several words,0
255,59,21422.05,Delhi,2022-09-12,customer feedback text goes here number 254 with several words,0
256,36,67372.44,Pune,2022-09-13,customer feedback text goes here number 255 with several words,1
257,58,57052.17,Delhi,2022-09-14,customer feedback text goes here number 256 with several words,0
258,72,48693.93,Pune,2022-09-15,customer feedback text goes here number 257 with several words,0
259,33,61984.9,Delhi,2022-09-16,customer feedback text goes here number 258 with several words,1
260,29,11465.86,Delhi,2022-09-17,customer feedback text goes here number 259 with several words,1
261,56,20904.58,Pune,2022-09-18,customer feedback text goes here number 260 with several words,1
262,65,56388.02,Mumbai,2022-09-19,customer feedback text goes here number 261 with several words,1
263,47,105695.34,Mumbai,2022-09-20,customer feedback text goes here number 262 with several words,0
264,75,39227.83,Bangalore,2022-09-21,customer feedback text goes here number 263 with several words,1
265,19,16613.03,Bangalore,2022-09-22,customer feedback text goes here number 264 with several words,1
266,49,1535.09,Mumbai,2022-09-23,customer feedback text goes here number 265 with several words,1
267,72,61951.83,Pune,2022-09-24,customer feedback text goes here number 266 with several words,0
268,62,395.77,Bangalore,2022-09-25,customer feedback text goes here number 267 with several words,1
269,42,23314.85,Mumbai,2022-09-26,customer feedback text goes here number 268 with several words,0
270,79,37808.31,Delhi,2022-09-27,customer feedback text goes here number 269 with several words,0
271,42,127623.82,Mumbai,2022-09-28,customer feedback text goes here number 270 with several words,0
272,21,4687.77,Bangalore,2022-09-29,customer feedback text goes here number 271 with several words,1
273,36,26038.94,Delhi,2022-09-30,customer feedback text goes here number 272 with several words,1
274,65,1230.68,Mumbai,2022-10-01,customer feedback text goes here number 273 with several words,1
275,21,20973.97,Mumbai,2022-10-02,customer feedback text goes here number 274 with several words,0
276,60,48673.63,Pune,2022-10-03,customer feedback text goes here number 275 with several words,0
277,30,16360.52,Delhi,2022-10-04,customer feedback text goes here number 276 with several words,1
278,56,11770.29,Delhi,2022-10-05,customer feedback text goes here number 277 with several words,1
279,53,6148.13,Delhi,2022-10-06,customer feedback text goes here number 278 with several words,1
280,40,43035.74,Mumbai,2022-10-07,customer feedback text goes here number 279 with several words,1
281,79,59416.46,Mumbai,2022-10-08,customer feedback text goes here number 280 with several words,0
282,23,55730.55,Bangalore,2022-10-09,customer feedback text goes here number 281 with several words,0
283,41,148660.41,Pune,2022-10-10,customer feedback text goes here number 282 with several words,0
284,61,135.34,Bangalore,2022-10-11,customer feedback text goes here number 283 with several words,0
285,50,52092.22,Pune,2022-10-12,customer feedback text goes here number 284 with several words,1
286,29,45863.59,Bangalore,2022-10-13,customer feedback text goes here number 285 with several words,1
287,58,44426.44,Pune,2022-10-14,customer feedback text goes here number 286 with several words,1
288,38,164532.45,Bangalore,2022-10-15,customer feedback text goes here number 287 with several words,1
289,28,850.78,Mumbai,2022-10-16,customer feedback text goes here number 288 with several words,1
290,72,,Pune,2022-10-17,customer feedback text goes here number 289 with several words,1
291,61,84014.12,Delhi,2022-10-18,customer feedback text goes here number 290 with several words,0
292,55,35647.82,Pune,2022-10-19,customer feedback text goes here number 291 with several words,0
293,79,20320.64,Bangalore,2022-10-20,customer feedback text goes here number 292 with several words,0
294,46,78232.83,Mumbai,2022-10-21,customer feedback text goes here number 293 with several words,0
295,65,5115.09,Pune,2022-10-22,customer feedback text goes here number 294 with several words,1
296,58,29173.01,Delhi,2022-10-23,customer feedback text goes here number 295 with several words,1
297,20,36693.5,Delhi,2022-10-24,customer feedback text goes here number 296 with several words,0
298,45,59201.39,Delhi,2022-10-25,customer feedback text goes here number 297 with several words,0
299,37,4764.22,Mumbai,2022-10-26,customer feedback text goes here number 298 with several words,1
300,43,12922.96,Delhi,2022-10-27,customer feedback text goes here number 299 with several words,1
301,41,26407.2,Pune,2022-10-28,customer feedback text goes here number 300 with several words,1
302,71,48814.6,Bangalore,2022-10-29,customer feedback text goes here number 301 with several words,0
303,69,109001.02,Bangalore,2022-10-30,customer feedback text goes here number 302 with several words,0
304,64,48224.99,Pune,2022-10-31,customer feedback text goes here number 303 with several words,0
305,38,,Bangalore,2022-11-01,customer feedback text goes here number 304 with several words,0
306,71,,Delhi,2022-11-02,customer feedback text goes here number 305 with several words,0
307,47,102702.62,Mumbai,2022-11-03,customer feedback text goes here number 306 with several words,0
308,21,34930.18,Bangalore,2022-11-04,customer feedback text goes here number 307 with several words,1
309,53,127775.89,Delhi,2022-11-05,customer feedback text goes here number 308 with several words,0
310,57,38976.75,Bangalore,2022-11-06,customer feedback text goes here number 309 with several words,0
311,27,,Pune,2022-11-07,customer feedback text goes here number 310 with several words,0
312,27,88567.67,Pune,2022-11-08,customer feedback text goes here number 311 with several words,0
313,59,172550.5,Bangalore,2022-11-09,customer feedback text goes here number 312 with several words,0
314,41,126150.87,Bangalore,2022-11-10,customer feedback text goes here number 313 with several words,0
315,21,1834.95,Delhi,2022-11-11,customer feedback text goes here number 314 with several words,1
316,64,9604.78,Bangalore,2022-11-12,customer feedback text goes here number 315 with several words,1
317,44,24643.94,Mumbai,2022-11-13,customer feedback text goes here number 316 with several words,1
318,68,151976.58,Bangalore,2022-11-14,customer feedback text goes here number 317 with several words,0
319,62,17835.81,Pune,2022-11-15,customer feedback text goes here number 318 with several words,1
320,21,8745.51,Mumbai,2022-11-16,customer feedback text goes here number 319 with several words,1
321,49,108711.65,Bangalore,2022-11-17,customer feedback text goes here number 320 with several words,0
322,27,29565.14,Delhi,2022-11-18,customer feedback text goes here number 321 with several words,1
323,28,,Bangalore,2022-11-19,customer feedback text goes here number 322 with several words,1
324,45,8731.39,Pune,2022-11-20,customer feedback text goes here number 323 with several words,1
325,63,54105.09,Pune,2022-11-21,customer feedback text goes here number 324 with several words,1
326,25,29014.48,Pune,2022-11-22,customer feedback text goes here number 325 with several words,1
327,57,3978.51,Pune,2022-11-23,customer feedback text goes here number 326 with several words,1
328,79,59612.61,Bangalore,2022-11-24,customer feedback text goes here number 327 with several words,1
329,39,14210.99,Pune,2022-11-25,customer feedback text goes here number 328 with several words,1
330,51,2021.08,Pune,2022-11-26,customer feedback text goes here number 329 with several words,1
331,62,3090.81,Delhi,2022-11-27,customer feedback text goes here number 330 with several words,1
332,52,3151.17,Bangalore,2022-11-28,customer feedback text goes here number 331 with several words,1
333,52,119153.41,Pune,2022-11-29,customer feedback text goes here number 332 with several words,0
334,42,67331.36,Pune,2022-11-30,customer feedback text goes here number 333 with several words,1
335,51,114169.7,Delhi,2022-12-01,customer feedback text goes here number 334 with several words,0
336,23,55825.93,Pune,2022-12-02,customer feedback text goes here number 335 with several words,1
337,58,37638.48,Pune,2022-12-03,customer feedback text goes here number 336 with several words,1
338,54,18152.36,Delhi,2022-12-04,customer feedback text goes here number 337 with several words,0
339,18,309795.48,Pune,2022-12-05,customer feedback text goes here number 338 with several words,0
340,29,22485.67,Pune,2022-12-06,customer feedback text goes here number 339 with several words,1
341,52,,Delhi,2022-12-07,customer feedback text goes here number 340 with several words,1
342,23,23760.47,Pune,2022-12-08,customer feedback text goes here number 341 with several words,0
343,71,194432.24,Delhi,2022-12-09,customer feedback text goes here number 342 with several words,0
344,34,9597.9,Pune,2022-12-10,customer feedback text goes here number 343 with several words,1
345,26,19873.95,Bangalore,2022-12-11,customer feedback text goes here number 344 with several words,0
346,79,57026.22,Bangalore,2022-12-12,customer feedback text goes here number 345 with several words,1
347,19,3264.68,Pune,2022-12-13,customer feedback text goes here number 346 with several words,1
348,35,46729.02,Bangalore,2022-12-14,customer feedback text goes here number 347 with several words,0
349,66,32470.54,Bangalore,2022-12-15,customer feedback text goes here number 348 with several words,0
350,53,16703.75,Bangalore,2022-12-16,customer feedback text goes here number 349 with several words,0
351,74,13617.56,Delhi,2022-12-17,customer feedback text goes here number 350 with several words,0
352,45,36130.11,Bangalore,2022-12-18,customer feedback text goes here number 351 with several words,0
353,58,22937.57,Mumbai,2022-12-19,customer feedback text goes here number 352 with several words,1
354,70,30488.11,Delhi,2022-12-20,customer feedback text goes here number 353 with several words,0
355,54,20585.03,Mumbai,2022-12-21,customer feedback text goes here number 354 with several words,1
356,66,176157.56,Bangalore,2022-12-22,customer feedback text goes here number 355 with several words,0
357,43,7161.16,Bangalore,2022-12-23,customer feedback text goes here number 356 with several words,0
358,21,5090.78,Mumbai,2022-12-24,customer feedback text goes here number 357 with several words,1
359,57,21033.38,Pune,2022-12-25,customer feedback text goes here number 358 with several words,0
360,78,44705.29,Bangalore,2022-12-26,customer feedback text goes here number 359 with several words,0
361,53,53819.52,Delhi,2022-12-27,customer feedback text goes here number 360 with several words,1
362,68,25313.2,Mumbai,2022-12-28,customer feedback text goes here number 361 with several words,0
363,48,361673.85,Mumbai,2022-12-29,customer feedback text goes here number 362 with several words,0
364,47,21684.97,Bangalore,2022-12-30,customer feedback text goes here number 363 with several words,0
365,67,63900.11,Mumbai,2022-12-31,customer feedback text goes here number 364 with several words,1
366,51,50747.95,Mumbai,2023-01-01,customer feedback text goes here number 365 with several words,0
367,36,83846.74,Delhi,2023-01-02,customer feedback text goes here number 366 with several words,1
368,35,186957.43,Pune,2023-01-03,customer feedback text goes here number 367 with several words,0
369,47,110270.04,Pune,2023-01-04,customer feedback text goes here number 368 with several words,1
370,38,72315.38,Mumbai,2023-01-05,customer feedback text goes here number 369 with several words,1
371,79,59907.57,Pune,2023-01-06,customer feedback text goes here number 370 with several words,0
372,20,20435.88,Mumbai,2023-01-07,customer feedback text goes here number 371 with several words,1
373,23,7989.99,Pune,2023-01-08,customer feedback text goes here number 372 with several words,1
374,55,3234.18,Pune,2023-01-09,customer feedback text goes here number 373 with several words,0
375,30,13847.11,Delhi,2023-01-10,customer feedback text goes here number 374 with several words,1
376,62,28306.48,Mumbai,2023-01-11,customer feedback text goes here number 375 with several words,1
377,71,36906.84,Delhi,2023-01-12,customer feedback text goes here number 376 with several words,1
378,79,74158.67,Bangalore,2023-01-13,customer feedback text goes here number 377 with several words,0
379,20,159394.21,Pune,2023-01-14,customer feedback text goes here number 378 with several words,0
380,65,6239.65,Bangalore,2023-01-15,customer feedback text goes here number 379 with several words,1
381,45,5658.67,Mumbai,2023-01-16,customer feedback text goes here number 380 with several words,1
382,39,44542.69,Mumbai,2023-01-17,customer feedback text goes here number 381 with several words,0
383,57,68402.7,Mumbai,2023-01-18,customer feedback text goes here number 382 with several words,0
384,57,94243.23,Bangalore,2023-01-19,customer feedback text goes here number 383 with several words,0
385,29,137312.59,Bangalore,2023-01-20,customer feedback text goes here number 384 with several words,0
386,40,204996.73,Mumbai,2023-01-21,customer feedback text goes here number 385 with several words,0
387,48,25524.76,Mumbai,2023-01-22,customer feedback text goes here number 386 with several words,1
388,35,23928.83,Bangalore,2023-01-23,customer feedback text goes here number 387 with several words,1
389,24,7997.21,Mumbai,2023-01-24,customer feedback text goes here number 388 with several words,1
390,25,57748.73,Pune,2023-01-25,customer feedback text goes here number 389 with several words,1
391,36,53466.55,Mumbai,2023-01-26,customer feedback text goes here number 390 with several words,1
392,46,99047.76,Pune,2023-01-27,customer feedback text goes here number 391 with several words,0
393,61,5115.92,Delhi,2023-01-28,customer feedback text goes here number 392 with several words,0
394,37,34435.54,Bangalore,2023-01-29,customer feedback text goes here number 393 with several words,1
395,67,43504.0,Pune,2023-01-30,customer feedback text goes here number 394 with several words,1
396,59,13824.38,Bangalore,2023-01-31,customer feedback text goes here number 395 with several words,0
397,47,9257.8,Bangalore,2023-02-01,customer feedback text goes here number 396 with several words,1
398,64,98156.17,Delhi,2023-02-02,customer feedback text goes here number 397 with several words,0
399,39,3015.9,Mumbai,2023-02-03,customer feedback text goes here number 398 with several words,0
400,27,31802.52,Pune,2023-02-04,customer feedback text goes here number 399 with several words,0
401,43,6155.52,Pune,2023-02-05,customer feedback text goes here number 400 with several words,1
402,68,30537.71,Pune,2023-02-06,customer feedback text goes here number 401 with several words,0
403,50,195507.05,Delhi,2023-02-07,customer feedback text goes here number 402 with several words,0
404,45,27556.9,Mumbai,2023-02-08,customer feedback text goes here number 403 with several words,1
405,27,97289.23,Bangalore,2023-02-09,customer feedback text goes here number 404 with several words,1
406,46,6239.38,Bangalore,2023-02-10,customer feedback text goes here number 405 with several words,1
407,61,15821.37,Pune,2023-02-11,customer feedback text goes here number 406 with several words,0
408,35,25858.35,Bangalore,2023-02-12,customer feedback text goes here number 407 with several words,1
409,59,25525.63,Delhi,2023-02-13,customer feedback text goes here number 408 with several words,1
410,76,55643.19,Pune,2023-02-14,customer feedback text goes here number 409 with several words,0
411,18,21134.49,Pune,2023-02-15,customer feedback text goes here number 410 with several words,1
412,40,62547.43,Pune,2023-02-16,customer feedback text goes here number 411 with several words,1
413,34,50969.76,Pune,2023-02-17,customer feedback text goes here number 412 with several words,0
414,60,25471.43,Delhi,2023-02-18,customer feedback text goes here number 413 with several words,1
415,54,28260.58,Bangalore,2023-02-19,customer feedback text goes here number 414 with several words,0
416,48,47664.3,Mumbai,2023-02-20,customer feedback text goes here number 415 with several words,0
417,42,3630.8,Mumbai,2023-02-21,customer feedback text goes here number 416 with several words,1
418,70,86412.97,Pune,2023-02-22,customer feedback text goes here number 417 with several words,0
419,21,52982.25,Delhi,2023-02-23,customer feedback text goes here number 418 with several words,0
420,69,64793.89,Mumbai,2023-02-24,customer feedback text goes here number 419 with several words,0
421,26,38493.1,Mumbai,2023-02-25,customer feedback text goes here number 420 with several words,0
422,74,5853.5,Bangalore,2023-02-26,customer feedback text goes here number 421 with several words,1
423,45,25962.69,Pune,2023-02-27,customer feedback text goes here number 422 with several words,1
424,47,25991.1,Bangalore,2023-02-28,customer feedback text goes here number 423 with several words,1
425,77,19359.87,Bangalore,2023-03-01,customer feedback text goes here number 424 with several words,1
426,64,1520.4,Pune,2023-03-02,customer feedback text goes here number 425 with several words,1
427,41,66828.42,Delhi,2023-03-03,customer feedback text goes here number 426 with several words,1
428,50,5814.58,Bangalore,2023-03-04,customer feedback text goes here number 427 with several words,1
429,37,46609.34,Mumbai,2023-03-05,customer feedback text goes here number 428 with several words,1
430,26,60737.79,Pune,2023-03-06,customer feedback text goes here number 429 with several words,0
431,25,50363.63,Delhi,2023-03-07,customer feedback text goes here number 430 with several words,0
432,41,159882.94,Delhi,2023-03-08,customer feedback text goes here number 431 with several words,1
433,31,5451.59,Delhi,2023-03-09,customer feedback text goes here number 432 with several words,1
434,76,100933.19,Mumbai,2023-03-10,customer feedback text goes here number 433 with several words,0
435,35,,Bangalore,2023-03-11,customer feedback text goes here number 434 with several words,1
436,74,38276.95,Bangalore,2023-03-12,customer feedback text goes here number 435 with several words,1
437,70,25896.17,Mumbai,2023-03-13,customer feedback text goes here number 436 with several words,0
438,73,37136.19,Mumbai,2023-03-14,customer feedback text goes here number 437 with several words,0
439,18,22714.38,Delhi,2023-03-15,customer feedback text goes here number 438 with several words,1
440,29,10571.06,Delhi,2023-03-16,customer feedback text goes here number 439 with several words,1
441,46,965.41,Bangalore,2023-03-17,customer feedback text goes here number 440 with several words,0
442,54,36506.1,Pune,2023-03-18,customer feedback text goes here number 441 with several words,0
443,43,92504.46,Bangalore,2023-03-19,customer feedback text goes here number 442 with several words,1
444,50,23357.66,Bangalore,2023-03-20,customer feedback text goes here number 443 with several words,1
445,60,12606.98,Bangalore,2023-03-21,customer feedback text goes here number 444 with several words,0
446,32,4198.0,Bangalore,2023-03-22,customer feedback text goes here number 445 with several words,0
447,40,4458.55,Pune,2023-03-23,customer feedback text goes here number 446 with several words,1
448,46,12512.66,Mumbai,2023-03-24,customer feedback text goes here number 447 with several words,1
449,38,5268.81,Bangalore,2023-03-25,customer feedback text goes here number 448 with several words,1
450,36,15396.94,Mumbai,2023-03-26,customer feedback text goes here number 449 with several words,0
451,22,3421.94,Pune,2023-03-27,customer feedback text goes here number 450 with several words,1
452,40,3392.79,Mumbai,2023-03-28,customer feedback text goes here number 451 with several words,1
453,53,96993.09,Pune,2023-03-29,customer feedback text goes here number 452 with several words,1
454,76,8844.03,Pune,2023-03-30,customer feedback text goes here number 453 with several words,0
455,37,41012.95,Bangalore,2023-03-31,customer feedback text goes here number 454 with several words,1
456,25,74240.7,Pune,2023-04-01,customer feedback text goes here number 455 with several words,1
457,26,30477.96,Delhi,2023-04-02,customer feedback text goes here number 456 with several words,1
458,79,8324.51,Mumbai,2023-04-03,customer feedback text goes here number 457 with several words,1
459,31,11131.94,Bangalore,2023-04-04,customer feedback text goes here number 458 with several words,1
460,23,28368.41,Delhi,2023-04-05,customer feedback text goes here number 459 with several words,1
461,18,37563.62,Mumbai,2023-04-06,customer feedback text goes here number 460 with several words,1
462,26,21496.11,Delhi,2023-04-07,customer feedback text goes here number 461 with several words,0
463,33,76043.8,Bangalore,2023-04-08,customer feedback text goes here number 462 with several words,0
464,33,69519.47,Mumbai,2023-04-09,customer feedback text goes here number 463 with several words,0
465,71,131010.08,Mumbai,2023-04-10,customer feedback text goes here number 464 with several words,0
466,29,1469.0,Pune,2023-04-11,customer feedback text goes here number 465 with several words,0
467,22,113020.02,Delhi,2023-04-12,customer feedback text goes here number 466 with several words,0
468,57,24925.82,Delhi,2023-04-13,customer feedback text goes here number 467 with several words,1
469,46,105339.61,Mumbai,2023-04-14,customer feedback text goes here number 468 with several words,1
470,63,58685.89,Delhi,2023-04-15,customer feedback text goes here number 469 with several words,0
471,44,218499.99,Mumbai,2023-04-16,customer feedback text goes here number 470 with several words,0
472,28,71206.55,Mumbai,2023-04-17,customer feedback text goes here number 471 with several words,1
473,70,22670.67,Pune,2023-04-18,customer feedback text goes here number 472 with several words,1
474,64,34763.79,Mumbai,2023-04-19,customer feedback text goes here number 473 with several words,1
475,67,23611.44,Delhi,2023-04-20,customer feedback text goes here number 474 with several words,0
476,45,22699.57,Bangalore,2023-04-21,customer feedback text goes here number 475 with several words,0
477,69,15116.41,Pune,2023-04-22,customer feedback text goes here number 476 with several words,0
478,53,34256.0,Bangalore,2023-04-23,customer feedback text goes here number 477 with several words,0
479,59,57244.32,Mumbai,2023-04-24,customer feedback text goes here number 478 with several words,1
480,36,,Pune,2023-04-25,customer feedback text goes here number 479 with several words,1
481,71,37156.78,Pune,2023-04-26,customer feedback text goes here number 480 with several words,1
482,52,6243.04,Mumbai,2023-04-27,customer feedback text goes here number 481 with several words,0
483,69,8708.46,Delhi,2023-04-28,customer feedback text goes here number 482 with several words,0
484,48,2396.86,Mumbai,2023-04-29,customer feedback text goes here number 483 with several words,1
485,71,176562.07,Mumbai,2023-04-30,customer feedback text goes here number 484 with several words,0
486,76,,Mumbai,2023-05-01,customer feedback text goes here number 485 with several words,1
487,61,9836.03,Mumbai,2023-05-02,customer feedback text goes here number 486 with several words,0
488,73,47449.32,Mumbai,2023-05-03,customer feedback text goes here number 487 with several words,1
489,78,4243.57,Delhi,2023-05-04,customer feedback text goes here number 488 with several words,0
490,78,106809.7,Pune,2023-05-05,customer feedback text goes here number 489 with several words,0
491,36,63580.5,Delhi,2023-05-06,customer feedback text goes here number 490 with several words,1
492,63,169646.54,Mumbai,2023-05-07,customer feedback text goes here number 491 with several words,0
493,41,35426.8,Pune,2023-05-08,customer feedback text goes here number 492 with several words,0
494,19,17862.59,Pune,2023-05-09,customer feedback text goes here number 493 with several words,1
495,24,39869.92,Pune,2023-05-10,customer feedback text goes here number 494 with several words,1
496,60,133551.25,Bangalore,2023-05-11,customer feedback text goes here number 495 with several words,0
497,71,36777.84,Delhi,2023-05-12,customer feedback text goes here number 496 with several words,1
498,66,15544.6,Delhi,2023-05-13,customer feedback text goes here number 497 with several words,0
499,48,104940.92,Delhi,2023-05-14,customer feedback text goes here number 498 with several words,0
500,77,23254.29,Mumbai,2023-05-15,customer feedback text goes here number 499 with several words,0
