customer_id,home_region,device_fingerprint,measure_a,measure_b,measure_c,converted
C0000,south,-0.7021,0.0006,-0.5464,-0.7424,0
C0000,south,-0.695,-0.0092,0.546,-0.1039,0
C0000,south,-0.6919,-0.0006,-0.654,-0.948,0
C0000,south,-0.6968,-0.0043,0.211,-0.0044,0
C0000,south,-0.708,0.0019,-1.2081,-0.6165,0
C0001,west,-0.3296,0.278,0.2019,0.151,1
C0001,west,-0.3283,0.2945,-0.2167,-0.9765,1
C0001,west,-0.3294,0.2932,0.202,-1.2041,1
C0001,west,-0.3243,0.3002,-0.0079,-0.4392,1
C0001,west,-0.3212,0.2821,0.5339,0.243,1
C0002,south,-0.5574,-0.2703,-0.6979,-0.2595,1
C0002,south,-0.5539,-0.2698,0.0764,-1.5143,1
C0002,south,-0.5549,-0.2624,0.799,0.2339,1
C0002,south,-0.5758,-0.2647,-0.2422,-2.5325,1
C0002,south,-0.5565,-0.2891,-1.2765,-0.635,1
C0003,east,0.0207,-0.8943,-0.1123,1.748,0
C0003,east,0.0239,-0.8916,-0.5736,-1.2609,0
C0003,east,0.001,-0.8863,-0.0001,0.1102,0
C0003,east,0.0179,-0.8983,-0.4067,0.7312,0
C0003,east,0.0138,-0.8799,0.0011,-0.3094,0
C0004,north,-0.3716,-0.4647,-1.6574,0.5807,1
C0004,north,-0.3758,-0.4516,-1.7098,-0.3651,1
C0004,north,-0.3813,-0.4633,-2.2114,-0.3349,1
C0004,north,-0.3663,-0.4509,-0.7227,-0.0149,1
C0004,north,-0.3677,-0.4823,-0.294,0.5432,1
C0005,south,-0.2931,-0.9746,0.6249,0.3126,1
C0005,south,-0.2969,-0.9838,-0.8821,-0.0402,1
C0005,south,-0.2909,-0.9721,-0.54,-0.0484,1
C0005,south,-0.2979,-0.9782,-0.4239,1.4694,1
C0005,south,-0.3096,-0.9935,-0.575,0.7865,1
C0006,south,-1.3681,0.045,-0.7995,0.3369,1
C0006,south,-1.3852,0.0449,0.9587,0.494,1
C0006,south,-1.3736,0.0554,0.9501,-0.24,1
C0006,south,-1.3676,0.051,-0.7447,0.2047,1
C0006,south,-1.3856,0.0669,0.2581,-0.923,1
C0007,east,-0.8061,1.3367,1.3603,-0.6326,0
C0007,east,-0.8112,1.3523,2.5508,1.999,0
C0007,east,-0.8062,1.3424,1.9162,-0.1244,0
C0007,east,-0.8166,1.3414,0.9425,-0.8291,0
C0007,east,-0.8233,1.3258,1.135,-0.7584,0
C0008,east,1.6526,-0.4901,0.3603,-0.3349,0
C0008,east,1.659,-0.5011,-0.5224,-1.0244,0
C0008,east,1.6654,-0.4925,-0.8623,-0.3524,0
C0008,east,1.6518,-0.4852,-1.633,-1.0372,0
C0008,east,1.6503,-0.4669,0.6632,-0.1115,0
C0009,north,-0.6641,-0.5999,-0.4586,-0.3664,0
C0009,north,-0.6591,-0.6155,0.356,-0.5082,0
C0009,north,-0.652,-0.6034,0.2612,0.6843,0
C0009,north,-0.6915,-0.6141,-0.4229,0.4339,0
C0009,north,-0.6644,-0.6239,-1.7696,0.3679,0
C0010,south,-1.0615,0.4865,-0.3481,-0.3416,0
C0010,south,-1.0772,0.502,0.4239,1.1114,0
C0010,south,-1.0343,0.4901,-1.4263,-0.8939,0
C0010,south,-1.0662,0.4848,0.2676,-2.0022,0
C0010,south,-1.0507,0.4747,0.4636,-0.1095,0
C0011,central,0.3342,0.3562,-0.343,-0.6125,0
C0011,central,0.3205,0.3566,1.8037,1.9805,0
C0011,central,0.3505,0.3639,-0.4661,1.4428,0
C0011,central,0.3368,0.3562,-0.1193,0.092,0
C0011,central,0.333,0.356,-0.8334,-0.3737,0
C0012,east,1.4301,0.1047,-0.1726,0.5324,0
C0012,east,1.4144,0.0943,-0.1443,0.9183,0
C0012,east,1.41,0.1066,1.4408,-0.6778,0
C0012,east,1.4081,0.1002,1.3834,-1.9519,0
C0012,east,1.4006,0.1001,0.6394,0.6063,0
C0013,east,-1.4401,-0.9462,0.3032,-0.2933,0
C0013,east,-1.4607,-0.9251,-1.2003,-2.0769,0
C0013,east,-1.4577,-0.9454,-0.9562,0.3716,0
C0013,east,-1.4509,-0.9146,-0.5519,-1.5333,0
C0013,east,-1.4616,-0.9397,-1.4682,0.4354,0
C0014,north,-0.215,-0.049,0.6155,-0.1114,0
C0014,north,-0.205,-0.0282,0.5568,0.038,0
C0014,north,-0.1962,-0.025,0.3412,0.4099,0
C0014,north,-0.2231,-0.0309,-0.2451,0.2075,0
C0014,north,-0.2221,-0.0129,0.0822,-1.2113,0
C0015,south,-0.6491,0.6925,0.1974,-0.7183,1
C0015,south,-0.6311,0.6889,0.7746,-0.7245,1
C0015,south,-0.6324,0.7051,2.5926,-1.0076,1
C0015,south,-0.6367,0.6869,0.984,-1.1481,1
C0015,south,-0.6369,0.695,-0.6027,-0.9573,1
C0016,central,-1.7658,-1.3652,-1.8386,-0.413,1
C0016,central,-1.7595,-1.3461,-2.1343,-0.4638,1
C0016,central,-1.753,-1.3387,-0.6086,-0.8874,1
C0016,central,-1.7547,-1.35,-1.59,-0.8022,1
C0016,central,-1.7465,-1.342,0.5056,-0.4793,1
C0017,east,0.7443,-0.4636,-0.3247,2.4864,0
C0017,east,0.7426,-0.4626,-0.2594,0.3262,0
C0017,east,0.747,-0.4625,-1.7502,-0.2796,0
C0017,east,0.7351,-0.4565,1.002,0.3167,0
C0017,east,0.7431,-0.4686,0.5981,2.0962,0
C0018,north,-0.0157,-1.8987,-0.6219,1.7871,0
C0018,north,-0.0327,-1.9023,-0.3463,0.744,0
C0018,north,-0.0278,-1.8981,-1.0106,0.1205,0
C0018,north,-0.0248,-1.9126,-0.7795,0.8772,0
C0018,north,-0.0331,-1.9036,-0.1622,-1.0699,0
C0019,west,0.0733,-1.3001,0.5054,2.3128,0
C0019,west,0.0917,-1.2917,0.1504,0.121,0
C0019,west,0.0725,-1.2741,-1.7031,1.0553,0
C0019,west,0.071,-1.2755,-0.3473,-0.6727,0
C0019,west,0.0742,-1.2822,-0.4836,0.488,0
C0020,west,-0.7575,-1.8631,0.0733,0.6992,0
C0020,west,-0.7508,-1.8411,0.196,-0.4571,0
C0020,west,-0.7594,-1.8436,0.3335,-1.3871,0
C0020,west,-0.7404,-1.8481,-1.7274,1.2601,0
C0020,west,-0.7533,-1.8547,-1.0596,0.9311,0
C0021,south,0.4667,-0.2394,0.2717,0.7141,1
C0021,south,0.4483,-0.2315,-0.1227,-0.536,1
C0021,south,0.4499,-0.2344,-0.0672,-0.5655,1
C0021,south,0.4505,-0.224,0.0984,0.8851,1
C0021,south,0.4668,-0.2292,1.9498,-0.8253,1
C0022,north,-0.5312,-1.2706,1.1632,1.7004,0
C0022,north,-0.5588,-1.2771,0.0909,0.7899,0
C0022,north,-0.5319,-1.2682,-0.0974,0.653,0
C0022,north,-0.5401,-1.2572,-2.5405,0.6338,0
C0022,north,-0.5496,-1.2579,-0.7128,-0.8888,0
C0023,central,-0.1392,0.2622,-0.713,-1.5673,1
C0023,central,-0.1432,0.2762,1.0292,-0.1417,1
C0023,central,-0.1324,0.2714,0.0245,0.5736,1
C0023,central,-0.1323,0.2679,-0.1109,-0.1608,1
C0023,central,-0.1421,0.2623,1.0337,-0.4004,1
C0024,south,-1.1036,0.1485,0.3856,0.3916,1
C0024,south,-1.1125,0.177,0.3966,1.7769,1
C0024,south,-1.0987,0.1501,-0.2813,0.4361,1
C0024,south,-1.1076,0.1572,-0.1949,-1.8085,1
C0024,south,-1.1105,0.1346,0.3973,-0.7261,1
C0025,central,-1.2233,-0.1891,0.1706,-1.432,1
C0025,central,-1.2336,-0.1976,-1.9123,-0.9668,1
C0025,central,-1.2002,-0.1975,0.5115,-1.3716,1
C0025,central,-1.2131,-0.1901,-0.1286,0.5688,1
C0025,central,-1.1985,-0.185,0.0372,-0.9734,1
C0026,south,1.3414,-2.5192,-0.2579,-0.0437,0
C0026,south,1.3529,-2.5366,-1.2736,0.8815,0
C0026,south,1.332,-2.5247,-1.246,-1.3799,0
C0026,south,1.3367,-2.4924,0.0238,-1.109,0
C0026,south,1.3268,-2.5208,-0.1027,-0.8215,0
C0027,south,-0.514,-0.5298,0.5627,-0.3738,0
C0027,south,-0.5183,-0.5542,-0.8446,-2.2305,0
C0027,south,-0.4996,-0.545,0.2177,1.8683,0
C0027,south,-0.4954,-0.5502,0.5668,1.1579,0
C0027,south,-0.5146,-0.5482,-0.3142,-1.6014,0
C0028,west,0.3064,-0.0726,-1.0155,-0.2696,0
C0028,west,0.2894,-0.0468,0.2249,-0.2136,0
C0028,west,0.303,-0.0699,-0.0195,-0.7146,0
C0028,west,0.293,-0.0463,-0.84,-0.6409,0
C0028,west,0.2996,-0.045,-0.6316,2.0399,0
C0029,north,-0.0107,0.0987,0.3169,2.509,1
C0029,north,-0.026,0.1155,-0.1419,-0.5412,1
C0029,north,-0.0359,0.1078,0.7157,-0.3982,1
C0029,north,-0.0382,0.1013,0.0007,-0.8941,1
C0029,north,-0.0356,0.1237,0.3747,0.5047,1
C0030,north,-0.4376,-1.5295,-0.7266,-0.3078,0
C0030,north,-0.4336,-1.541,0.5946,0.0341,0
C0030,north,-0.4486,-1.535,-1.2213,0.1602,0
C0030,north,-0.4483,-1.5187,-1.3155,-2.2725,0
C0030,north,-0.4485,-1.5502,-0.6479,1.0592,0
C0031,west,-0.5015,-0.4911,-0.8771,1.7786,0
C0031,west,-0.5048,-0.4777,0.7594,2.4527,0
C0031,west,-0.495,-0.4764,0.1281,0.6171,0
C0031,west,-0.5141,-0.4883,-0.1439,-0.9472,0
C0031,west,-0.5086,-0.4768,1.9158,-0.851,0
C0032,central,0.6289,-0.9802,0.0022,1.0467,0
C0032,central,0.6252,-0.9867,-1.868,-0.9262,0
C0032,central,0.6354,-0.9781,-1.3053,-0.3728,0
C0032,central,0.6304,-0.9735,-0.9255,-0.2504,0
C0032,central,0.6119,-0.99,1.0645,-2.1881,0
C0033,central,-0.3052,-0.8066,-0.6604,-0.8082,0
C0033,central,-0.3025,-0.8089,-0.3974,-1.8777,0
C0033,central,-0.3033,-0.8174,-0.8165,0.227,0
C0033,central,-0.2955,-0.7999,-0.7703,0.924,0
C0033,central,-0.2901,-0.7975,0.9273,-0.1457,0
C0034,north,-0.1532,1.0691,-0.8055,0.2094,1
C0034,north,-0.1567,1.0572,-1.143,-0.8905,1
C0034,north,-0.1516,1.0698,1.3154,-0.0803,1
C0034,north,-0.1533,1.0526,0.7865,-0.2476,1
C0034,north,-0.1454,1.0784,0.3952,-1.4974,1
C0035,north,0.0136,-0.8221,-1.4004,1.3053,0
C0035,north,0.0245,-0.8227,0.2653,1.2604,0
C0035,north,0.0186,-0.8143,-0.6267,0.2846,0
C0035,north,0.0286,-0.7957,0.7682,1.1854,0
C0035,north,0.0358,-0.8009,-1.7008,-0.131,0
C0036,south,1.1796,-0.0364,0.8071,-0.3602,0
C0036,south,1.1673,-0.0181,0.5864,0.2193,0
C0036,south,1.1858,-0.0219,0.2939,-2.4577,0
C0036,south,1.1698,-0.0371,-0.8988,0.1987,0
C0036,south,1.1884,-0.0374,-1.0344,2.028,0
C0037,west,0.676,0.8721,0.5677,0.4257,0
C0037,west,0.6735,0.8923,-0.0848,-0.923,0
C0037,west,0.6823,0.8921,-0.2167,0.3306,0
C0037,west,0.6796,0.9126,-0.2839,1.3842,0
C0037,west,0.68,0.8831,1.0033,0.894,0
C0038,central,0.3953,-0.5803,-0.7738,-0.5376,1
C0038,central,0.3877,-0.5778,1.0248,0.4184,1
C0038,central,0.3932,-0.5684,-0.0851,-1.4856,1
C0038,central,0.3708,-0.598,1.199,-0.8474,1
C0038,central,0.3949,-0.5777,1.3103,1.0031,1
C0039,central,-0.5646,-0.1137,0.032,0.1753,0
C0039,central,-0.5689,-0.112,1.4037,-1.7021,0
C0039,central,-0.561,-0.1208,0.1237,0.8399,0
C0039,central,-0.5641,-0.104,-1.4755,1.107,0
C0039,central,-0.5696,-0.1055,0.1195,-2.5856,0
C0040,south,-1.3895,0.1127,1.4428,0.2873,1
C0040,south,-1.3794,0.0963,1.3322,1.8071,1
C0040,south,-1.3817,0.1083,-1.413,0.8833,1
C0040,south,-1.3549,0.1176,1.1815,0.5421,1
C0040,south,-1.3918,0.1238,-1.0669,-0.2107,1
C0041,central,0.9523,0.0726,0.3999,0.3868,0
C0041,central,0.9419,0.0509,0.0808,-0.7102,0
C0041,central,0.9365,0.0511,-0.4156,-1.8526,0
C0041,central,0.9361,0.0474,0.1895,0.408,0
C0041,central,0.9696,0.0488,-0.5861,0.9126,0
C0042,south,0.9643,-1.2283,1.0482,-0.3384,0
C0042,south,0.9549,-1.2382,-0.1879,0.3052,0
C0042,south,0.9527,-1.2349,-0.0088,0.5773,0
C0042,south,0.96,-1.2188,0.0246,-1.7831,0
C0042,south,0.9633,-1.2209,-1.0058,-2.1389,0
C0043,north,-0.1435,0.0837,1.4528,-2.1908,1
C0043,north,-0.1146,0.0649,0.8917,1.2342,1
C0043,north,-0.1309,0.0776,-1.0148,0.6266,1
C0043,north,-0.1479,0.0509,2.5765,0.7081,1
C0043,north,-0.1225,0.067,1.3512,1.5899,1
C0044,east,0.5574,1.3586,-0.5387,-0.1773,1
C0044,east,0.5199,1.3418,0.6263,-0.9914,1
C0044,east,0.5402,1.3577,2.2812,1.2976,1
C0044,east,0.5414,1.3709,-0.1582,-0.3369,1
C0044,east,0.551,1.3464,0.2924,-1.3208,1
C0045,north,0.7826,-1.5308,-1.2957,0.2259,1
C0045,north,0.7725,-1.5586,-1.7311,1.4548,1
C0045,north,0.8051,-1.5423,-1.2635,0.7049,1
C0045,north,0.7781,-1.5391,-0.357,0.2797,1
C0045,north,0.7875,-1.5529,-0.9828,-1.7212,1
C0046,west,0.8268,0.8452,0.2135,-0.9576,0
C0046,west,0.8322,0.8639,-0.9344,-0.8133,0
C0046,west,0.8218,0.8668,1.8795,0.8515,0
C0046,west,0.8277,0.874,-1.0189,1.4994,0
C0046,west,0.8246,0.8316,2.7295,1.578,0
C0047,central,0.9111,0.121,-0.1453,0.1022,1
C0047,central,0.9066,0.1125,0.4689,0.2227,1
C0047,central,0.9334,0.1202,2.162,-0.7157,1
C0047,central,0.924,0.1002,-1.0801,1.3285,1
C0047,central,0.912,0.1247,-0.0079,-1.0445,1
C0048,north,-0.4591,-0.6466,-0.6952,0.7536,0
C0048,north,-0.4491,-0.6472,-1.073,0.2823,0
C0048,north,-0.4566,-0.6312,2.1332,0.8429,0
C0048,north,-0.456,-0.6432,-1.0276,-0.9067,0
C0048,north,-0.4657,-0.6454,-0.641,0.7437,0
C0049,north,1.511,1.9984,-0.2963,1.6446,1
C0049,north,1.52,2.0183,1.5174,1.4896,1
C0049,north,1.5125,2.0076,3.2351,-1.2235,1
C0049,north,1.5267,2.0174,1.1792,0.7652,1
C0049,north,1.5278,1.9937,1.1758,-0.888,1
C0050,north,-1.2535,0.7559,0.1733,0.1498,1
C0050,north,-1.242,0.7478,2.129,1.1835,1
C0050,north,-1.2392,0.7586,0.2227,0.5612,1
C0050,north,-1.2424,0.745,0.9883,2.9882,1
C0050,north,-1.2655,0.7725,0.6456,-0.1144,1
C0051,north,0.8758,-1.2114,-0.3293,1.502,0
C0051,north,0.8597,-1.2036,-0.3735,-0.4568,0
C0051,north,0.8776,-1.2086,0.3275,-1.2867,0
C0051,north,0.8686,-1.2004,-2.8694,-0.0061,0
C0051,north,0.8508,-1.2039,0.9437,-1.1486,0
C0052,east,0.483,0.0893,0.1371,1.5847,1
C0052,east,0.4973,0.0654,-0.0315,1.2641,1
C0052,east,0.5036,0.0745,0.0749,-0.1157,1
C0052,east,0.488,0.0944,0.0365,-1.1629,1
C0052,east,0.489,0.082,0.6234,-0.141,1
C0053,east,0.8667,0.5769,-1.3179,-1.3384,1
C0053,east,0.8818,0.5718,0.5776,1.2526,1
C0053,east,0.8803,0.5769,2.1999,0.6865,1
C0053,east,0.87,0.5842,0.6081,-0.88,1
C0053,east,0.8744,0.575,-1.5887,-0.1773,1
C0054,central,1.8761,-0.1933,-1.5975,-0.3647,0
C0054,central,1.8786,-0.1877,-1.1261,0.6502,0
C0054,central,1.8665,-0.1911,1.132,-0.7118,0
C0054,central,1.8738,-0.1777,-0.4308,-0.3053,0
C0054,central,1.8813,-0.178,-2.1137,-0.8512,0
C0055,east,1.4741,0.6718,-0.5168,-0.8615,0
C0055,east,1.4875,0.6738,0.3862,0.4114,0
C0055,east,1.477,0.6842,1.7829,0.3301,0
C0055,east,1.4779,0.6822,-0.571,0.2771,0
C0055,east,1.4933,0.6745,0.0806,1.1373,0
C0056,central,-1.1503,-0.0646,-0.9681,-0.8368,1
C0056,central,-1.1504,-0.0448,-0.3948,-0.53,1
C0056,central,-1.1508,-0.0682,0.5637,0.1895,1
C0056,central,-1.1246,-0.0644,1.2761,0.2767,1
C0056,central,-1.1391,-0.081,-0.141,-0.0689,1
C0057,west,-1.6911,0.6457,1.0595,-0.3872,1
C0057,west,-1.6931,0.6647,0.0616,0.4071,1
C0057,west,-1.7014,0.6579,0.5285,0.1456,1
C0057,west,-1.6924,0.6615,-0.4841,-0.0584,1
C0057,west,-1.6769,0.6567,1.6379,0.844,1
C0058,central,0.8124,1.4464,-0.7439,-1.7316,1
C0058,central,0.804,1.4344,0.2825,-0.5151,1
C0058,central,0.8179,1.4172,1.0212,-1.4193,1
C0058,central,0.8103,1.4344,-0.4652,-1.371,1
C0058,central,0.8068,1.4384,1.1064,0.5642,1
C0059,north,-1.025,-0.6836,-1.0988,0.4498,0
C0059,north,-1.0354,-0.6633,-0.7066,-0.7835,0
C0059,north,-1.0116,-0.6653,0.0381,1.0527,0
C0059,north,-1.0137,-0.6634,0.8504,-0.0995,0
C0059,north,-1.0006,-0.674,-0.1921,-0.9215,0
C0060,east,-0.0153,0.2109,-1.1001,0.6496,1
C0060,east,-0.0089,0.2059,-1.9046,-0.1032,1
C0060,east,-0.0059,0.1955,0.1625,-2.3781,1
C0060,east,-0.0057,0.1965,0.8655,-1.8428,1
C0060,east,-0.0055,0.2008,0.8081,-0.9257,1
C0061,central,0.8335,-0.4409,-0.9323,-0.706,0
C0061,central,0.837,-0.4735,0.8861,1.725,0
C0061,central,0.8327,-0.4806,0.8695,1.1084,0
C0061,central,0.8479,-0.4517,-0.9661,-0.1685,0
C0061,central,0.8259,-0.4775,0.6977,-0.6719,0
C0062,west,-1.621,0.128,-0.5255,0.7979,1
C0062,west,-1.6258,0.1321,-1.0445,0.371,1
C0062,west,-1.63,0.1223,-0.6454,1.0164,1
C0062,west,-1.6424,0.1162,-0.2909,-0.7557,1
C0062,west,-1.6408,0.1284,1.0863,0.7097,1
C0063,south,-2.1256,-1.1831,0.3324,0.4559,1
C0063,south,-2.0997,-1.1927,-1.3306,0.9301,1
C0063,south,-2.1206,-1.2088,0.4479,-0.7242,1
C0063,south,-2.113,-1.2012,-1.6679,-1.1566,1
C0063,south,-2.1136,-1.1835,-2.5429,0.7522,1
C0064,central,0.2475,-0.59,0.3783,-0.0746,0
C0064,central,0.2439,-0.5609,-1.0063,0.2473,0
C0064,central,0.2613,-0.5652,-0.6418,1.0081,0
C0064,central,0.2519,-0.5681,-0.9184,-0.3622,0
C0064,central,0.2783,-0.5761,-0.1329,2.242,0
C0065,west,0.048,-0.2044,0.5827,-1.1817,1
C0065,west,0.0557,-0.1841,-0.5941,-0.6279,1
C0065,west,0.0462,-0.1961,-0.9584,0.5681,1
C0065,west,0.024,-0.2005,-0.442,-0.2733,1
C0065,west,0.0475,-0.2085,0.4512,-0.1802,1
C0066,north,-0.2523,0.8851,-0.7053,0.3603,1
C0066,north,-0.2554,0.8994,1.3153,1.0326,1
C0066,north,-0.2302,0.8958,-0.6171,1.0205,1
C0066,north,-0.2427,0.91,0.3695,1.1956,1
C0066,north,-0.2373,0.9059,0.8127,0.3977,1
C0067,north,0.0409,1.1475,1.3493,-0.512,1
C0067,north,0.0559,1.1442,1.3449,-0.0902,1
C0067,north,0.0361,1.1655,0.1797,-1.2772,1
C0067,north,0.0314,1.142,2.3978,0.2068,1
C0067,north,0.0479,1.1352,0.7754,0.6715,1
C0068,south,-0.8425,-1.3305,0.0137,0.3026,0
C0068,south,-0.8707,-1.3237,-0.7665,-2.3254,0
C0068,south,-0.8545,-1.3181,-0.9245,-1.3386,0
C0068,south,-0.8457,-1.3209,0.3856,1.4103,0
C0068,south,-0.8657,-1.3154,-0.7464,-0.0625,0
C0069,east,-1.5144,-0.7947,0.6847,0.1238,0
C0069,east,-1.515,-0.7974,-0.0107,-0.8949,0
C0069,east,-1.5185,-0.7952,-0.8271,-0.1185,0
C0069,east,-1.5196,-0.7746,0.8783,0.45,0
C0069,east,-1.514,-0.7727,-0.0272,-0.0868,0
C0070,north,-0.1636,0.65,1.528,-0.019,0
C0070,north,-0.1457,0.6381,0.8834,-1.0018,0
C0070,north,-0.1485,0.6436,0.2064,0.9242,0
C0070,north,-0.1541,0.6358,-0.0528,-1.3949,0
C0070,north,-0.1653,0.6459,-0.0553,-0.6845,0
C0071,north,-0.9756,-1.9999,-0.3209,1.516,0
C0071,north,-0.991,-1.9936,-1.1733,0.4924,0
C0071,north,-0.9812,-1.9939,-1.7326,0.6967,0
C0071,north,-0.9707,-1.994,-0.4638,-0.2465,0
C0071,north,-0.9872,-1.9865,-0.5375,-0.1541,0
C0072,north,-1.6336,-0.451,-1.1683,-0.7811,0
C0072,north,-1.628,-0.449,-0.8498,-1.1807,0
C0072,north,-1.6499,-0.4682,-1.6109,0.0312,0
C0072,north,-1.6563,-0.4753,0.6392,-0.6832,0
C0072,north,-1.6442,-0.4569,0.5466,-0.337,0
C0073,south,0.5061,-0.1055,1.5337,0.6499,0
C0073,south,0.4946,-0.0972,0.6033,0.4794,0
C0073,south,0.524,-0.0836,-0.5243,-0.0892,0
C0073,south,0.4929,-0.0948,0.097,2.7035,0
C0073,south,0.5067,-0.1182,-0.6438,0.1123,0
C0074,south,-0.074,1.2483,0.1737,0.3418,1
C0074,south,-0.0631,1.2481,1.2117,-0.5396,1
C0074,south,-0.0664,1.2432,-0.2046,0.6518,1
C0074,south,-0.0776,1.2563,1.1488,-0.3771,1
C0074,south,-0.059,1.2458,1.6821,1.1011,1
C0075,south,0.4089,0.6719,-0.6656,0.9767,1
C0075,south,0.4237,0.6924,1.3983,-0.6078,1
C0075,south,0.4046,0.6894,0.6565,-1.5288,1
C0075,south,0.4159,0.7026,-0.7581,-1.3553,1
C0075,south,0.41,0.6829,-1.858,0.8086,1
C0076,east,-0.9877,-0.332,1.7712,0.1389,1
C0076,east,-0.9968,-0.3262,-1.0669,-0.7617,1
C0076,east,-0.9854,-0.3328,-0.5368,1.6689,1
C0076,east,-0.9807,-0.3192,0.345,0.4842,1
C0076,east,-0.9747,-0.3274,1.5391,-0.9514,1
C0077,west,-0.6606,-0.3824,-0.4568,0.5184,0
C0077,west,-0.6435,-0.3752,-0.1427,-0.3592,0
C0077,west,-0.6654,-0.3805,-0.0928,-1.7321,0
C0077,west,-0.657,-0.3684,-0.7394,-1.0109,0
C0077,west,-0.6719,-0.3499,-1.3552,1.5577,0
C0078,south,-0.993,-0.2538,-1.1414,1.0425,1
C0078,south,-0.9817,-0.2595,-0.3689,1.0516,1
C0078,south,-0.9957,-0.2302,-0.6132,0.5423,1
C0078,south,-1.0116,-0.2292,-0.7574,-2.208,1
C0078,south,-1.0003,-0.2516,1.6239,-0.3388,1
C0079,east,-0.8868,1.5295,2.0371,-0.0632,1
C0079,east,-0.8762,1.5287,0.3428,0.0776,1
C0079,east,-0.8864,1.5144,1.7017,-1.3856,1
C0079,east,-0.8749,1.5331,0.5257,-0.7654,1
C0079,east,-0.8889,1.5283,1.2782,0.2869,1
C0080,west,0.2053,-0.4336,0.0399,-1.5683,1
C0080,west,0.203,-0.4265,-0.5452,1.1615,1
C0080,west,0.2023,-0.4562,-0.1353,-1.455,1
C0080,west,0.2061,-0.4031,-0.6379,0.0746,1
C0080,west,0.1929,-0.4245,0.4089,1.2872,1
C0081,north,-0.7928,-0.288,-0.9598,0.2771,0
C0081,north,-0.7714,-0.2965,-0.9662,-0.7019,0
C0081,north,-0.7876,-0.3042,0.9108,-1.2918,0
C0081,north,-0.7783,-0.2976,0.381,0.4663,0
C0081,north,-0.7678,-0.2988,0.6498,0.5635,0
C0082,central,0.374,0.3336,1.2949,-0.261,0
C0082,central,0.3533,0.3429,-1.5408,-0.3819,0
C0082,central,0.3492,0.3575,-1.184,1.4316,0
C0082,central,0.3588,0.3501,-0.4974,-0.7872,0
C0082,central,0.3448,0.3471,0.1465,-0.1774,0
C0083,central,0.3256,-0.1234,-0.8522,0.1599,0
C0083,central,0.3584,-0.1145,-0.3301,-1.6249,0
C0083,central,0.3256,-0.1376,0.6051,-0.7651,0
C0083,central,0.3404,-0.127,0.0338,1.4017,0
C0083,central,0.3329,-0.1242,-0.774,0.8746,0
C0084,south,2.0149,-0.2086,-1.3278,-1.4085,1
C0084,south,2.0299,-0.1716,-0.9748,0.9515,1
C0084,south,2.0277,-0.2083,-0.3279,-0.2329,1
C0084,south,2.0183,-0.178,-1.7944,0.381,1
C0084,south,2.0285,-0.2031,0.0556,0.8776,1
C0085,central,-1.3913,-1.1099,0.178,-2.0321,0
C0085,central,-1.378,-1.0913,0.4371,1.0137,0
C0085,central,-1.4069,-1.1153,-1.1765,-0.5872,0
C0085,central,-1.3831,-1.1221,-0.5627,-1.9086,0
C0085,central,-1.3944,-1.1132,-1.0799,-0.7199,0
C0086,south,0.9068,-0.0236,-0.9502,-0.809,1
C0086,south,0.8999,0.0095,0.2943,-0.7173,1
C0086,south,0.8836,-0.0009,-0.8246,1.4529,1
C0086,south,0.9021,-0.0108,0.5769,0.7497,1
C0086,south,0.9034,-0.022,1.0585,-0.3752,1
C0087,central,-0.0972,-0.4426,-0.3703,-0.9875,0
C0087,central,-0.1055,-0.453,1.1297,1.9626,0
C0087,central,-0.083,-0.4317,-0.6426,-0.0772,0
C0087,central,-0.0867,-0.4544,-1.0684,0.0972,0
C0087,central,-0.0927,-0.4542,0.1704,-0.2633,0
C0088,west,-0.0038,1.1661,0.1962,0.1277,0
C0088,west,-0.0157,1.1594,0.1047,0.7494,0
C0088,west,-0.0076,1.179,-1.0572,-0.3931,0
C0088,west,-0.0182,1.1678,0.0595,-0.5132,0
C0088,west,-0.0062,1.1679,-0.5833,1.3345,0
C0089,south,-1.4399,0.6473,1.0094,-0.7352,1
C0089,south,-1.4386,0.6509,-0.4613,-0.3731,1
C0089,south,-1.4575,0.655,0.4188,0.0358,1
C0089,south,-1.4554,0.6165,0.3448,-1.8962,1
C0089,south,-1.4474,0.6644,0.5077,-0.3894,1
C0090,north,-0.462,-0.0255,-0.504,-0.5838,0
C0090,north,-0.4694,-0.0123,-0.0237,0.9563,0
C0090,north,-0.4627,-0.0234,-0.163,0.4628,0
C0090,north,-0.4519,-0.0217,-0.6161,-0.78,0
C0090,north,-0.4436,-0.0269,-0.2716,1.465,0
C0091,south,0.7541,0.6737,-0.0921,2.3532,1
C0091,south,0.7471,0.6739,0.1134,-1.4143,1
C0091,south,0.7298,0.6725,0.62,-0.24,1
C0091,south,0.7315,0.654,-0.0277,-1.4561,1
C0091,south,0.7522,0.6799,2.8135,0.8783,1
C0092,west,-0.0884,-0.3486,-3.2425,-0.5949,1
C0092,west,-0.0842,-0.3302,0.4145,0.5883,1
C0092,west,-0.0803,-0.3333,1.1669,-1.0649,1
C0092,west,-0.0871,-0.3538,1.3208,1.2969,1
C0092,west,-0.075,-0.3519,0.0197,-0.2346,1
C0093,south,0.0819,1.0502,0.8888,-0.3948,0
C0093,south,0.0896,1.0545,0.1571,-0.1119,0
C0093,south,0.0766,1.0603,0.1765,0.2949,0
C0093,south,0.0771,1.0373,1.2363,-1.0581,0
C0093,south,0.0878,1.0563,-1.0696,-0.9447,0
C0094,east,-0.2959,-0.0136,-1.066,0.7401,0
C0094,east,-0.2931,-0.0015,-0.3896,0.3053,0
C0094,east,-0.2982,-0.0057,0.5215,0.0451,0
C0094,east,-0.2953,-0.0163,0.1487,0.3449,0
C0094,east,-0.2933,-0.0131,0.4862,2.4817,0
C0095,north,1.1515,0.5867,0.573,-2.5665,1
C0095,north,1.1558,0.5763,1.4796,-0.254,1
C0095,north,1.1468,0.5812,0.3833,-0.5599,1
C0095,north,1.154,0.5698,0.0306,0.7757,1
C0095,north,1.1743,0.5904,0.4781,1.1838,1
C0096,east,-0.0113,-1.2743,0.458,-0.1179,0
C0096,east,-0.0189,-1.2891,-0.2444,0.2003,0
C0096,east,-0.0293,-1.3119,-1.1209,-2.026,0
C0096,east,-0.0208,-1.2908,-2.0244,0.6882,0
C0096,east,-0.0128,-1.2899,0.9845,1.8717,0
C0097,north,-2.2125,0.357,0.5354,0.4183,0
C0097,north,-2.1911,0.3395,-0.3945,-0.8267,0
C0097,north,-2.208,0.3457,-1.168,-1.0457,0
C0097,north,-2.1946,0.346,0.4833,-1.8893,0
C0097,north,-2.2083,0.3411,0.168,-0.5863,0
C0098,central,-0.6827,-1.6888,-0.66,0.0135,0
C0098,central,-0.685,-1.6929,0.3349,0.4601,0
C0098,central,-0.6905,-1.6878,-0.207,1.0154,0
C0098,central,-0.6826,-1.6844,0.1138,0.1184,0
C0098,central,-0.6795,-1.6885,-2.5429,1.3379,0
C0099,east,-1.9677,-2.047,-0.9925,-0.8838,0
C0099,east,-1.9478,-2.0304,-2.226,0.5462,0
C0099,east,-1.9728,-2.0162,-1.7616,-2.247,0
C0099,east,-1.9681,-2.0388,-1.1891,-2.1412,0
C0099,east,-1.9645,-2.0186,-2.5323,1.1712,0
C0100,central,-3.2571,-0.281,0.2706,-0.1878,1
C0100,central,-3.2404,-0.2992,-0.655,0.7102,1
C0100,central,-3.2565,-0.3224,1.7066,-0.3496,1
C0100,central,-3.2575,-0.3011,-1.5255,-1.3536,1
C0100,central,-3.2564,-0.3097,-0.0571,1.1226,1
C0101,north,-0.5349,-0.895,0.1814,-1.0841,0
C0101,north,-0.5278,-0.9094,0.5975,0.4551,0
C0101,north,-0.53,-0.9133,-0.2556,-0.767,0
C0101,north,-0.5231,-0.9011,-1.0911,0.9255,0
C0101,north,-0.5229,-0.9059,0.6859,-0.2984,0
C0102,north,1.3305,0.1653,-0.6117,-0.4416,1
C0102,north,1.332,0.1794,1.4153,-0.2589,1
C0102,north,1.3497,0.1636,0.4081,0.8836,1
C0102,north,1.3365,0.1882,0.2846,-1.1976,1
C0102,north,1.3466,0.1599,-0.2082,-2.9917,1
C0103,north,0.0571,2.2529,1.617,0.9784,1
C0103,north,0.064,2.2443,1.7418,-0.7438,1
C0103,north,0.0436,2.2553,1.2499,-1.3334,1
C0103,north,0.0507,2.2429,0.1611,0.4343,1
C0103,north,0.0431,2.2291,-0.1021,1.7692,1
C0104,east,-1.1877,-0.8295,0.2164,0.6392,0
C0104,east,-1.1848,-0.8349,-0.2059,0.8002,0
C0104,east,-1.179,-0.8434,0.5696,1.1052,0
C0104,east,-1.1688,-0.8378,0.0334,0.1093,0
C0104,east,-1.1642,-0.8442,-0.2281,-0.1591,0
C0105,central,-0.9518,-0.6218,-0.2182,-0.4104,0
C0105,central,-0.9367,-0.6381,-0.2979,0.4314,0
C0105,central,-0.9379,-0.6132,-1.3306,-1.5079,0
C0105,central,-0.9383,-0.6194,1.6583,0.6166,0
C0105,central,-0.9494,-0.6159,-1.0106,-1.4858,0
C0106,west,1.1567,0.2087,0.7256,0.5636,1
C0106,west,1.1487,0.2082,1.1781,-1.0273,1
C0106,west,1.1167,0.2197,1.4095,0.5107,1
C0106,west,1.1329,0.2071,-0.5372,1.5386,1
C0106,west,1.1372,0.2105,0.4207,1.0479,1
C0107,east,0.1627,0.5005,-0.8548,0.51,1
C0107,east,0.1795,0.4878,0.0813,0.8919,1
C0107,east,0.1672,0.4993,-1.2586,0.5017,1
C0107,east,0.1458,0.4848,0.6905,-0.2958,1
C0107,east,0.1657,0.5245,0.8967,0.7229,1
C0108,central,0.039,-0.1828,-1.0279,-0.5326,0
C0108,central,0.0371,-0.183,-0.2584,-1.0006,0
C0108,central,0.0338,-0.19,0.338,0.0597,0
C0108,central,0.0583,-0.166,-0.3771,0.67,0
C0108,central,0.0336,-0.1536,1.0053,-0.215,0
C0109,north,-0.0651,-0.2021,-1.7654,-0.7793,0
C0109,north,-0.046,-0.2052,-0.5242,0.9507,0
C0109,north,-0.0638,-0.2031,-0.5305,-0.8474,0
C0109,north,-0.0488,-0.2159,1.6294,-0.5847,0
C0109,north,-0.0336,-0.2169,0.463,-1.1996,0
C0110,north,0.025,0.7041,0.8908,-1.2743,0
C0110,north,0.0502,0.6945,0.3991,0.3798,0
C0110,north,0.0443,0.6845,1.7377,0.5618,0
C0110,north,0.0341,0.6922,-1.2437,-1.3614,0
C0110,north,0.0438,0.6991,-0.7374,-0.5269,0
C0111,west,0.821,0.5166,-0.318,1.3506,1
C0111,west,0.81,0.5204,-0.339,-1.5524,1
C0111,west,0.7937,0.5151,0.0103,0.3562,1
C0111,west,0.8109,0.5221,0.4063,-1.0075,1
C0111,west,0.7839,0.5147,-0.6508,-0.6526,1
C0112,central,0.5498,-1.0461,-1.4129,-0.1003,0
C0112,central,0.5537,-1.0402,0.035,-0.2195,0
C0112,central,0.5424,-1.0333,1.2807,-0.6749,0
C0112,central,0.5642,-1.0199,0.9349,-0.8226,0
C0112,central,0.5727,-1.0325,-0.6419,-0.2303,0
C0113,south,0.2217,-0.0787,-0.1909,1.2836,0
C0113,south,0.2085,-0.0896,0.6821,0.7036,0
C0113,south,0.2266,-0.0899,0.9416,0.482,0
C0113,south,0.2333,-0.0917,0.1647,-0.2776,0
C0113,south,0.1998,-0.0863,0.9827,-0.469,0
C0114,south,-1.0501,0.044,0.9041,0.9868,1
C0114,south,-1.0508,0.0347,0.9417,-0.656,1
C0114,south,-1.0504,0.0436,1.4202,-1.1521,1
C0114,south,-1.0688,0.0208,-0.8971,-0.1377,1
C0114,south,-1.0367,0.0338,-0.6162,0.1534,1
C0115,east,0.5015,-1.055,-0.9992,2.6803,0
C0115,east,0.5193,-1.0628,-1.319,-0.4382,0
C0115,east,0.4947,-1.0618,-1.0862,0.8839,0
C0115,east,0.5068,-1.0624,-1.6282,-1.1766,0
C0115,east,0.5104,-1.0566,0.599,-0.6291,0
C0116,west,-0.6737,0.2624,0.0998,-2.0083,1
C0116,west,-0.6971,0.2673,1.362,0.2064,1
C0116,west,-0.6766,0.2558,-0.2303,-0.663,1
C0116,west,-0.6745,0.2633,-0.1068,-0.3284,1
C0116,west,-0.6787,0.2631,-0.6449,1.716,1
C0117,south,1.0964,-0.8579,0.9864,1.024,0
C0117,south,1.093,-0.8526,-1.3062,-0.6408,0
C0117,south,1.0712,-0.8458,-2.0518,0.6813,0
C0117,south,1.0855,-0.8677,-0.5187,0.2664,0
C0117,south,1.1,-0.8402,-0.0204,0.8812,0
C0118,central,-1.277,0.9792,0.5268,-0.4632,1
C0118,central,-1.272,0.9714,0.5608,0.4014,1
C0118,central,-1.2761,0.9647,1.0616,-1.6966,1
C0118,central,-1.2772,0.9876,-2.0477,-0.6931,1
C0118,central,-1.2642,0.9556,2.7272,-2.5884,1
C0119,east,-0.1233,0.2083,0.9018,-0.2216,1
C0119,east,-0.134,0.1838,0.8055,-1.1199,1
C0119,east,-0.1404,0.2027,-0.9258,-0.3643,1
C0119,east,-0.136,0.1793,1.125,0.3408,1
C0119,east,-0.1528,0.1923,-0.6207,-0.6576,1
C0120,west,-0.0066,0.0822,0.9038,-0.7047,1
C0120,west,0.0025,0.0889,0.8059,-0.5413,1
C0120,west,-0.0124,0.0778,0.5559,0.9378,1
C0120,west,0.0138,0.1022,0.2605,-0.211,1
C0120,west,-0.0035,0.089,1.3529,0.9439,1
C0121,west,-1.333,-0.5979,0.9941,0.3081,0
C0121,west,-1.327,-0.5792,-0.5852,-0.2798,0
C0121,west,-1.3293,-0.6106,0.5414,-1.2091,0
C0121,west,-1.3303,-0.5985,0.4179,-0.0686,0
C0121,west,-1.3245,-0.6078,-0.3151,-1.4763,0
C0122,east,1.725,-0.1149,-0.0631,2.0431,0
C0122,east,1.7272,-0.1127,0.0806,-0.1928,0
C0122,east,1.7316,-0.1076,-1.2185,1.0545,0
C0122,east,1.7271,-0.109,0.3721,-1.2443,0
C0122,east,1.7102,-0.1004,0.1797,-1.4173,0
C0123,east,1.4639,-2.0014,-2.4582,-2.2902,0
C0123,east,1.4444,-1.995,-0.8424,-0.2492,0
C0123,east,1.4633,-1.9917,-2.6914,-0.3012,0
C0123,east,1.4521,-2.0101,-1.2916,-0.1229,0
C0123,east,1.4577,-2.0123,-1.2339,2.0158,0
C0124,central,-0.4741,-1.1483,-0.2048,0.5966,0
C0124,central,-0.4589,-1.1426,0.4457,-0.7853,0
C0124,central,-0.4749,-1.1375,-0.5504,0.7141,0
C0124,central,-0.4573,-1.1316,0.3871,0.0815,0
C0124,central,-0.4546,-1.1454,-1.8693,0.7757,0
C0125,south,0.7578,0.3598,0.0568,-0.488,0
C0125,south,0.7672,0.3768,-2.1315,0.8839,0
C0125,south,0.7947,0.3631,0.1281,0.7264,0
C0125,south,0.79,0.351,0.2241,-0.1862,0
C0125,south,0.7773,0.3644,0.7388,-0.4216,0
C0126,central,0.3792,-2.1353,-1.4493,-0.1415,0
C0126,central,0.3773,-2.1403,0.5616,-0.1351,0
C0126,central,0.3648,-2.1176,-1.5249,0.5083,0
C0126,central,0.3785,-2.1261,-0.6975,-0.5752,0
C0126,central,0.3791,-2.1082,-2.8653,0.066,0
C0127,west,-2.6092,0.8361,-0.8947,2.1589,1
C0127,west,-2.6173,0.8674,0.8208,0.0761,1
C0127,west,-2.6088,0.853,1.4003,0.4358,1
C0127,west,-2.6121,0.8484,1.5554,0.817,1
C0127,west,-2.6236,0.8403,0.6363,-0.6229,1
C0128,north,0.2466,-1.7557,-0.9339,0.4236,0
C0128,north,0.2603,-1.746,1.1689,-0.0764,0
C0128,north,0.2823,-1.7361,-0.2514,-0.499,0
C0128,north,0.2222,-1.7476,-0.538,1.9225,0
C0128,north,0.2366,-1.727,-0.9246,0.7241,0
C0129,central,-0.0867,0.7581,-0.0067,0.6824,1
C0129,central,-0.0604,0.7453,1.155,0.6946,1
C0129,central,-0.0554,0.7668,1.2936,-0.0218,1
C0129,central,-0.0749,0.7429,1.5175,0.7104,1
C0129,central,-0.0603,0.7524,0.3311,0.0248,1
C0130,south,0.0798,-0.8525,1.6097,0.2286,0
C0130,south,0.0772,-0.8585,-0.9913,0.7197,0
C0130,south,0.0908,-0.8477,-0.2917,-0.3051,0
C0130,south,0.0721,-0.8325,-0.0028,2.4764,0
C0130,south,0.0757,-0.8469,0.4565,-0.2451,0
C0131,north,-1.0908,0.7695,0.4023,0.3434,0
C0131,north,-1.0778,0.789,1.2051,0.3228,0
C0131,north,-1.0766,0.7765,0.8075,0.9196,0
C0131,north,-1.0763,0.7835,0.0197,-1.4115,0
C0131,north,-1.0869,0.7866,0.7139,1.5902,0
C0132,south,-0.2688,0.1396,1.2431,0.9945,0
C0132,south,-0.2754,0.1291,0.1692,-0.9859,0
C0132,south,-0.2646,0.1412,-0.3804,1.9726,0
C0132,south,-0.2723,0.1289,-0.1621,-0.7083,0
C0132,south,-0.2652,0.1312,1.5476,0.6073,0
C0133,north,-0.1729,-1.5391,-1.8875,-0.0895,1
C0133,north,-0.1868,-1.5273,-0.6421,1.6657,1
C0133,north,-0.1709,-1.5285,-0.4071,0.2087,1
C0133,north,-0.1717,-1.5276,-1.2542,0.4923,1
C0133,north,-0.152,-1.5377,-0.8447,-0.6925,1
C0134,south,1.1736,1.261,0.5545,0.2996,1
C0134,south,1.2065,1.2742,-0.3,1.0546,1
C0134,south,1.1943,1.2531,0.9316,-0.0215,1
C0134,south,1.204,1.2553,0.812,1.2494,1
C0134,south,1.1971,1.2538,0.7963,1.7585,1
C0135,north,0.3396,1.4408,-0.1922,-0.3412,0
C0135,north,0.324,1.4428,0.8105,-2.0479,0
C0135,north,0.3346,1.4482,0.729,-0.9519,0
C0135,north,0.3471,1.4348,-0.5265,-1.0782,0
C0135,north,0.3343,1.4516,1.6279,0.2121,0
C0136,east,-0.0175,-0.0724,-0.8325,-0.1765,1
C0136,east,-0.0233,-0.0647,0.5556,-0.1477,1
C0136,east,-0.0009,-0.0752,-1.3346,-0.636,1
C0136,east,0.006,-0.0555,-0.4367,1.2046,1
C0136,east,-0.0088,-0.0507,0.4087,-0.4513,1
C0137,central,1.5369,-0.2817,-0.9513,-1.4506,1
C0137,central,1.5316,-0.2744,-0.179,-0.4099,1
C0137,central,1.5433,-0.2782,-0.7606,1.2461,1
C0137,central,1.5432,-0.2705,-1.6756,-0.5997,1
C0137,central,1.5351,-0.2737,1.2891,-1.3669,1
C0138,central,-0.5485,-0.1661,1.1268,-0.0751,0
C0138,central,-0.5449,-0.1663,-1.3325,-1.1104,0
C0138,central,-0.5613,-0.1701,1.0165,1.3389,0
C0138,central,-0.5525,-0.1702,-0.1705,-0.686,0
C0138,central,-0.5407,-0.1567,0.3765,-0.3997,0
C0139,central,-0.4095,-0.9829,-1.395,0.3703,1
C0139,central,-0.3885,-0.9832,-0.7398,1.5665,1
C0139,central,-0.399,-0.9843,-0.5956,-0.6991,1
C0139,central,-0.3937,-0.9698,1.1689,-1.7795,1
C0139,central,-0.3896,-0.9747,-0.4656,-0.1871,1
C0140,south,-1.8202,1.1086,0.0208,-0.1273,1
C0140,south,-1.8168,1.0997,0.2857,0.9992,1
C0140,south,-1.8168,1.1003,0.3931,-1.003,1
C0140,south,-1.8251,1.0881,0.6128,-0.7135,1
C0140,south,-1.8274,1.101,0.912,-1.7608,1
C0141,south,1.586,-0.5426,-0.3118,1.0668,0
C0141,south,1.5698,-0.5489,1.758,-1.0744,0
C0141,south,1.5681,-0.5344,-1.1798,-0.102,0
C0141,south,1.573,-0.5189,-1.0207,-0.0477,0
C0141,south,1.5757,-0.5421,-1.2997,0.4081,0
C0142,west,0.9654,-0.0467,0.9978,1.0132,0
C0142,west,0.9684,-0.0481,-1.0091,-0.1343,0
C0142,west,0.9665,-0.0552,0.0674,-0.8253,0
C0142,west,0.9797,-0.0297,-0.3711,0.4004,0
C0142,west,0.962,-0.0386,0.371,0.0773,0
C0143,central,0.9146,-0.792,-1.2177,0.6755,1
C0143,central,0.9097,-0.7879,-0.2006,1.0949,1
C0143,central,0.9167,-0.7831,-1.1474,0.6094,1
C0143,central,0.9146,-0.7914,-0.2527,0.9363,1
C0143,central,0.8967,-0.7901,-1.6624,1.2068,1
C0144,central,0.6492,-0.6361,-1.7569,1.6392,0
C0144,central,0.656,-0.6249,-0.7326,-1.7998,0
C0144,central,0.6655,-0.6194,-0.4163,0.9411,0
C0144,central,0.6653,-0.626,-0.5967,0.3436,0
C0144,central,0.6879,-0.6225,-0.0754,-0.6184,0
C0145,south,0.1026,-1.2631,-1.5121,-0.9131,0
C0145,south,0.1092,-1.282,1.2495,-2.3662,0
C0145,south,0.1138,-1.2706,-1.5195,-0.6446,0
C0145,south,0.1145,-1.2614,-1.3396,-1.5792,0
C0145,south,0.1199,-1.2625,-0.8126,-2.2138,0
C0146,west,0.23,1.2551,1.5143,-0.0435,1
C0146,west,0.2117,1.2526,1.8289,1.4345,1
C0146,west,0.1941,1.2477,2.1022,-0.3673,1
C0146,west,0.2019,1.2571,0.4053,-0.0973,1
C0146,west,0.2107,1.254,0.0925,0.3339,1
C0147,east,-0.2601,-0.157,-0.1913,1.3057,1
C0147,east,-0.2483,-0.1552,0.4209,0.4061,1
C0147,east,-0.2411,-0.149,1.5529,1.3446,1
C0147,east,-0.2524,-0.1582,0.7327,0.5166,1
C0147,east,-0.253,-0.1689,-1.7108,0.3483,1
C0148,east,-0.1959,0.974,-0.7721,1.0373,0
C0148,east,-0.2089,0.9698,0.7614,-0.8025,0
C0148,east,-0.2095,0.9452,-0.4387,-1.8025,0
C0148,east,-0.1992,0.9665,1.209,0.3565,0
C0148,east,-0.2099,0.9694,0.035,0.6091,0
C0149,east,0.0575,0.0034,0.0073,0.0553,1
C0149,east,0.0512,0.0223,1.5471,-0.3677,1
C0149,east,0.0508,-0.0092,-0.1107,-0.4362,1
C0149,east,0.0327,0.0162,0.5372,-0.7341,1
C0149,east,0.0506,0.0037,0.6916,-1.5174,1
